location,area_size,price,property_type,price_min,price_max
Velachery,2493,24633333,Independent House,6500,10000
Velachery,1937,15544425,Flat,6500,10000
Velachery,1999,14304844,Plot,6500,10000
Adyar,2429,26004874,Flat,8000,12000
Mylapore,833,9623649,Plot,9000,13000
T Nagar,2110,20945970,Independent House,7000,11000
T Nagar,1827,17963064,Flat,7000,11000
T Nagar,1738,12560526,Plot,7000,11000
Thiruvanmiyur,1261,7874945,Flat,6000,9500
Mylapore,2196,28117584,Plot,9000,13000
Velachery,912,7590576,Flat,6500,10000
Thiruvanmiyur,2135,15081640,Independent House,6000,9500
Mylapore,1798,20628454,Flat,9000,13000
Adyar,1489,17026715,Plot,8000,12000
Mylapore,1093,12132300,Independent House,9000,13000
Mylapore,1092,13873860,Flat,9000,13000
Adyar,2313,19096128,Flat,8000,12000
Mylapore,1642,17474164,Plot,9000,13000
T Nagar,1388,14811348,Plot,7000,11000
Adyar,1320,12672000,Independent House,8000,12000
Adyar,1065,11957820,Plot,8000,12000
Velachery,2001,18805398,Independent House,6500,10000
Velachery,2144,20672448,Flat,6500,10000
Mylapore,932,10242680,Plot,9000,13000
Mylapore,2230,23392700,Plot,9000,13000
T Nagar,1312,12466624,Independent House,7000,11000
Mylapore,2198,22602034,Plot,9000,13000
Thiruvanmiyur,2473,19494659,Flat,6000,9500
Velachery,2012,15920956,Independent House,6500,10000
Velachery,2116,14359176,Plot,6500,10000
Thiruvanmiyur,1422,12186540,Flat,6000,9500
Mylapore,1309,11830742,Plot,9000,13000
Thiruvanmiyur,2265,19198140,Plot,6000,9500
Thiruvanmiyur,879,7830132,Independent House,6000,9500
Thiruvanmiyur,2013,16703874,Plot,6000,9500
Velachery,1708,14984284,Flat,6500,10000
Velachery,2174,21524774,Plot,6500,10000
Velachery,1370,10029770,Plot,6500,10000
Adyar,878,7650892,Flat,8000,12000
Thiruvanmiyur,1410,11284230,Independent House,6000,9500
T Nagar,1076,8928648,Independent House,7000,11000
Thiruvanmiyur,1086,9541596,Plot,6000,9500
Mylapore,952,9142056,Plot,9000,13000
Mylapore,1565,16654730,Flat,9000,13000
T Nagar,2210,22427080,Independent House,7000,11000
Velachery,1822,17106758,Plot,6500,10000
Thiruvanmiyur,1849,11114339,Flat,6000,9500
Thiruvanmiyur,1128,8816448,Independent House,6000,9500
Adyar,1225,11383925,Plot,8000,12000
Velachery,2421,17118891,Independent House,6500,10000
Adyar,1403,14838128,Plot,8000,12000
Adyar,2188,20661284,Flat,8000,12000
Adyar,1912,22668672,Independent House,8000,12000
Mylapore,2157,23235204,Independent House,9000,13000
Thiruvanmiyur,1173,10526502,Plot,6000,9500
T Nagar,1968,19443840,Flat,7000,11000
Thiruvanmiyur,1997,13471762,Flat,6000,9500
Velachery,1029,8358567,Independent House,6500,10000
T Nagar,952,8942136,Flat,7000,11000
Thiruvanmiyur,803,5724587,Flat,6000,9500
T Nagar,1244,10259268,Flat,7000,11000
T Nagar,1334,11923292,Independent House,7000,11000
T Nagar,1695,13497285,Flat,7000,11000
Adyar,1467,14628924,Flat,8000,12000
T Nagar,1901,14420986,Plot,7000,11000
Mylapore,1214,13510606,Independent House,9000,13000
Thiruvanmiyur,1009,6127657,Independent House,6000,9500
Velachery,1480,14789640,Independent House,6500,10000
Adyar,2031,23431647,Independent House,8000,12000
Velachery,1846,15807298,Plot,6500,10000
Adyar,2257,22854382,Plot,8000,12000
Mylapore,1253,15389346,Independent House,9000,13000
Velachery,1517,12416645,Independent House,6500,10000
Mylapore,1541,15488591,Independent House,9000,13000
Velachery,1017,8121762,Plot,6500,10000
Adyar,2304,18819072,Plot,8000,12000
Adyar,1312,15472416,Independent House,8000,12000
T Nagar,1362,11404026,Independent House,7000,11000
Adyar,2313,27110673,Flat,8000,12000
Thiruvanmiyur,2058,12821340,Plot,6000,9500
T Nagar,1426,10227272,Plot,7000,11000
Mylapore,2349,26874909,Independent House,9000,13000
Adyar,931,9507372,Independent House,8000,12000
Velachery,974,9156574,Plot,6500,10000
Adyar,1821,19577571,Flat,8000,12000
Mylapore,1625,16066375,Flat,9000,13000
Velachery,2043,16262280,Plot,6500,10000
Adyar,1385,16539670,Plot,8000,12000
Thiruvanmiyur,2030,16719080,Plot,6000,9500
T Nagar,2370,17123250,Independent House,7000,11000
T Nagar,2270,24781590,Plot,7000,11000
Velachery,2278,17089556,Plot,6500,10000
Adyar,1414,13888308,Independent House,8000,12000
Adyar,1031,11201815,Independent House,8000,12000
Velachery,1074,7984116,Plot,6500,10000
Adyar,2127,24858249,Flat,8000,12000
T Nagar,1904,15132992,Plot,7000,11000
Velachery,1186,8775214,Flat,6500,10000
Mylapore,2061,20960370,Independent House,9000,13000
Mylapore,1438,17845580,Plot,9000,13000
Thiruvanmiyur,1972,17410788,Independent House,6000,9500
Thiruvanmiyur,1597,12012634,Plot,6000,9500
Mylapore,2331,24703938,Independent House,9000,13000
Velachery,2166,17583588,Plot,6500,10000
Adyar,2301,22179339,Plot,8000,12000
Velachery,2108,16267436,Independent House,6500,10000
Velachery,2417,23391726,Plot,6500,10000
T Nagar,1305,13984380,Flat,7000,11000
Thiruvanmiyur,1300,7992400,Plot,6000,9500
Mylapore,2447,29770202,Plot,9000,13000
Adyar,1071,11493972,Plot,8000,12000
T Nagar,1069,10296608,Independent House,7000,11000
Velachery,1262,11706312,Plot,6500,10000
Thiruvanmiyur,1665,12299355,Flat,6000,9500
Mylapore,1459,13593503,Plot,9000,13000
Thiruvanmiyur,1178,9273216,Independent House,6000,9500
Adyar,1876,16758308,Flat,8000,12000
T Nagar,1351,9692074,Plot,7000,11000
T Nagar,1728,18444672,Independent House,7000,11000
Velachery,1592,14710080,Independent House,6500,10000
T Nagar,1391,10111179,Independent House,7000,11000
T Nagar,2102,16555352,Flat,7000,11000
Adyar,1276,12640056,Independent House,8000,12000
Thiruvanmiyur,2491,16109297,Independent House,6000,9500
Thiruvanmiyur,1611,11478375,Flat,6000,9500
Velachery,1101,8945625,Flat,6500,10000
Adyar,936,10866024,Flat,8000,12000
Adyar,2024,18962856,Flat,8000,12000
Velachery,2019,14242026,Flat,6500,10000
Velachery,1873,12556592,Plot,6500,10000
Thiruvanmiyur,1906,17904964,Plot,6000,9500
Velachery,1415,10925215,Plot,6500,10000
Mylapore,1244,15782628,Independent House,9000,13000
Thiruvanmiyur,1809,14949576,Independent House,6000,9500
Thiruvanmiyur,2019,16147962,Flat,6000,9500
Mylapore,1764,22796172,Flat,9000,13000
Thiruvanmiyur,2414,22515378,Plot,6000,9500
T Nagar,1722,16717176,Flat,7000,11000
T Nagar,1045,11009075,Independent House,7000,11000
Velachery,1160,8610680,Flat,6500,10000
Thiruvanmiyur,1318,9502780,Flat,6000,9500
Thiruvanmiyur,1223,8616035,Plot,6000,9500
Mylapore,2288,23255232,Flat,9000,13000
Thiruvanmiyur,952,6989584,Flat,6000,9500
Velachery,1210,8421600,Independent House,6500,10000
Mylapore,2008,25770672,Independent House,9000,13000
Velachery,1892,13105884,Flat,6500,10000
Adyar,2446,21285092,Plot,8000,12000
Adyar,1182,13983060,Plot,8000,12000
Thiruvanmiyur,2352,18747792,Independent House,6000,9500
Adyar,1656,13703400,Flat,8000,12000
T Nagar,1592,16696896,Plot,7000,11000
Mylapore,1175,12168300,Independent House,9000,13000
Adyar,1323,15854832,Independent House,8000,12000
T Nagar,1879,16326631,Independent House,7000,11000
Velachery,1935,14286105,Plot,6500,10000
T Nagar,1301,14160084,Flat,7000,11000
Mylapore,1953,23002434,Independent House,9000,13000
Thiruvanmiyur,969,9060150,Plot,6000,9500
Velachery,991,6845828,Flat,6500,10000
Thiruvanmiyur,1394,12042766,Plot,6000,9500
Velachery,1651,11689080,Independent House,6500,10000
Adyar,1216,9987008,Plot,8000,12000
Adyar,1183,11729445,Flat,8000,12000
Adyar,1159,11399924,Plot,8000,12000
T Nagar,1544,14722040,Flat,7000,11000
Thiruvanmiyur,1276,9124676,Flat,6000,9500
Mylapore,2321,22924517,Independent House,9000,13000
Adyar,1308,12855024,Independent House,8000,12000
Thiruvanmiyur,1778,12485116,Independent House,6000,9500
T Nagar,1252,9963416,Plot,7000,11000
Velachery,2196,20629224,Independent House,6500,10000
Thiruvanmiyur,2486,18562962,Independent House,6000,9500
Velachery,1713,12383277,Flat,6500,10000
Adyar,1164,13014684,Plot,8000,12000
Mylapore,843,10862898,Plot,9000,13000
Velachery,1145,10461865,Plot,6500,10000
Velachery,1281,8471253,Plot,6500,10000
Velachery,1380,9715200,Flat,6500,10000
Mylapore,1149,10346745,Plot,9000,13000
T Nagar,813,5852787,Flat,7000,11000
Mylapore,2093,20787676,Independent House,9000,13000
Adyar,819,6864039,Plot,8000,12000
Thiruvanmiyur,1865,13948335,Flat,6000,9500
Adyar,1818,16578342,Independent House,8000,12000
Thiruvanmiyur,1018,6852158,Plot,6000,9500
Adyar,1206,12224016,Plot,8000,12000
Adyar,1373,11351964,Plot,8000,12000
Thiruvanmiyur,2454,21158388,Plot,6000,9500
Mylapore,1654,14920734,Independent House,9000,13000
Velachery,1160,11141800,Independent House,6500,10000
Velachery,1728,15242688,Independent House,6500,10000
T Nagar,1503,13533012,Independent House,7000,11000
Adyar,2358,25303698,Flat,8000,12000
T Nagar,2489,21495004,Flat,7000,11000
T Nagar,1593,15888582,Flat,7000,11000
Adyar,2272,22508704,Plot,8000,12000
Velachery,2143,16989704,Flat,6500,10000
Adyar,2066,17468030,Plot,8000,12000
Adyar,1821,19258896,Independent House,8000,12000
Adyar,1632,14924640,Plot,8000,12000
Adyar,1249,13610353,Flat,8000,12000
Velachery,1895,16325425,Independent House,6500,10000
T Nagar,1654,13051714,Plot,7000,11000
Mylapore,951,8818623,Independent House,9000,13000
Velachery,2220,20253060,Plot,6500,10000
Adyar,829,8105133,Independent House,8000,12000
Mylapore,2074,22417866,Plot,9000,13000
Adyar,1002,9280524,Flat,8000,12000
Velachery,946,7772336,Independent House,6500,10000
Adyar,1098,11952828,Flat,8000,12000
Velachery,1152,8163072,Flat,6500,10000
Velachery,1096,9084744,Plot,6500,10000
T Nagar,1023,9486279,Independent House,7000,11000
Thiruvanmiyur,1454,13634158,Plot,6000,9500
Thiruvanmiyur,1460,13567780,Independent House,6000,9500
Velachery,2148,19031280,Plot,6500,10000
Thiruvanmiyur,1007,7611913,Flat,6000,9500
Adyar,873,7870095,Flat,8000,12000
Thiruvanmiyur,1877,11267631,Independent House,6000,9500
Velachery,1949,15950616,Plot,6500,10000
Thiruvanmiyur,1800,14943600,Independent House,6000,9500
T Nagar,1931,17382862,Flat,7000,11000
Adyar,1309,11737803,Plot,8000,12000
Velachery,1750,16952250,Plot,6500,10000
Mylapore,1309,13688213,Flat,9000,13000
Velachery,1875,13586250,Independent House,6500,10000
Mylapore,1759,22223206,Flat,9000,13000
Adyar,2494,20577994,Plot,8000,12000
Mylapore,1761,19511880,Independent House,9000,13000
Thiruvanmiyur,1663,11155404,Flat,6000,9500
Velachery,1073,8447729,Plot,6500,10000
Adyar,1946,17027500,Independent House,8000,12000
Thiruvanmiyur,1870,15672470,Independent House,6000,9500
Thiruvanmiyur,2160,19433520,Flat,6000,9500
T Nagar,941,9035482,Independent House,7000,11000
Mylapore,2290,26715140,Independent House,9000,13000
Velachery,2075,19866050,Flat,6500,10000
Thiruvanmiyur,1199,10144739,Plot,6000,9500
Adyar,2211,21141582,Plot,8000,12000
Thiruvanmiyur,2159,15736951,Plot,6000,9500
Adyar,2238,20970060,Flat,8000,12000
Thiruvanmiyur,1494,10544652,Independent House,6000,9500
T Nagar,809,8349689,Plot,7000,11000
Mylapore,1402,15677164,Flat,9000,13000
T Nagar,1966,14941600,Independent House,7000,11000
Mylapore,2276,29421852,Independent House,9000,13000
T Nagar,841,6738092,Independent House,7000,11000
T Nagar,1720,18772080,Independent House,7000,11000
Thiruvanmiyur,1761,13519197,Plot,6000,9500
Mylapore,1922,23727090,Independent House,9000,13000
Velachery,2197,21124155,Independent House,6500,10000
Velachery,2012,14261056,Plot,6500,10000
Mylapore,1831,17024638,Flat,9000,13000
Adyar,1625,14464125,Flat,8000,12000
T Nagar,1000,7745000,Independent House,7000,11000
Adyar,2394,20897226,Flat,8000,12000
Adyar,2316,25408836,Plot,8000,12000
Adyar,2191,20744388,Independent House,8000,12000
T Nagar,2159,16827246,Flat,7000,11000
Velachery,1860,15813720,Independent House,6500,10000
Thiruvanmiyur,1391,9229285,Independent House,6000,9500
T Nagar,1801,19598482,Plot,7000,11000
Mylapore,1534,17598048,Flat,9000,13000
Mylapore,2008,20778784,Flat,9000,13000
T Nagar,1293,13211874,Independent House,7000,11000
T Nagar,1584,17048592,Plot,7000,11000
T Nagar,1999,14180906,Plot,7000,11000
Thiruvanmiyur,1135,7088075,Flat,6000,9500
Velachery,2310,21295890,Plot,6500,10000
Thiruvanmiyur,2486,21777360,Flat,6000,9500
Velachery,915,6329055,Flat,6500,10000
Velachery,1297,9090673,Plot,6500,10000
Velachery,1418,10680376,Plot,6500,10000
Velachery,1463,11763983,Independent House,6500,10000
Mylapore,2342,27654336,Flat,9000,13000
Adyar,1419,16254645,Independent House,8000,12000
Adyar,2117,24754081,Plot,8000,12000
Velachery,993,7017531,Plot,6500,10000
T Nagar,2129,21317677,Plot,7000,11000
Adyar,2209,25315140,Flat,8000,12000
Thiruvanmiyur,2003,13149695,Independent House,6000,9500
Thiruvanmiyur,1597,10367724,Flat,6000,9500
Thiruvanmiyur,1065,6566790,Independent House,6000,9500
Velachery,2457,17906616,Flat,6500,10000
Mylapore,2214,23592384,Flat,9000,13000
Thiruvanmiyur,1043,7485611,Plot,6000,9500
Thiruvanmiyur,2117,15117497,Independent House,6000,9500
Adyar,1218,10421208,Flat,8000,12000
Adyar,846,9542880,Independent House,8000,12000
T Nagar,1802,16434240,Flat,7000,11000
T Nagar,862,6284842,Plot,7000,11000
Mylapore,1241,13371775,Independent House,9000,13000
T Nagar,1115,9513180,Independent House,7000,11000
Thiruvanmiyur,813,7100742,Plot,6000,9500
Adyar,987,8991570,Independent House,8000,12000
Velachery,1128,9148080,Plot,6500,10000
Velachery,1176,8781192,Plot,6500,10000
Velachery,1687,16625385,Independent House,6500,10000
T Nagar,1559,15897123,Plot,7000,11000
Adyar,2234,21021940,Flat,8000,12000
Adyar,1084,11984704,Flat,8000,12000
Velachery,1566,12805182,Flat,6500,10000
T Nagar,2440,21838000,Plot,7000,11000
Thiruvanmiyur,1659,14055048,Flat,6000,9500
Mylapore,1207,12543144,Flat,9000,13000
Thiruvanmiyur,2229,20007504,Flat,6000,9500
Thiruvanmiyur,1374,12316536,Plot,6000,9500
Velachery,942,7346658,Flat,6500,10000
Thiruvanmiyur,1721,13089926,Flat,6000,9500
Adyar,1632,16525632,Independent House,8000,12000
Adyar,1133,9262275,Plot,8000,12000
Adyar,1267,12601582,Plot,8000,12000
T Nagar,1144,11481184,Flat,7000,11000
Adyar,1880,20191200,Flat,8000,12000
Mylapore,1171,13540273,Independent House,9000,13000
Adyar,2027,22347675,Independent House,8000,12000
Adyar,1244,12402680,Plot,8000,12000
Mylapore,1948,22170188,Independent House,9000,13000
Adyar,2243,26386652,Independent House,8000,12000
Adyar,1776,15575520,Independent House,8000,12000
Thiruvanmiyur,1655,13941720,Independent House,6000,9500
Adyar,1105,11680955,Independent House,8000,12000
Thiruvanmiyur,2131,15460405,Plot,6000,9500
Adyar,2046,17118882,Independent House,8000,12000
Adyar,1768,17156672,Independent House,8000,12000
Thiruvanmiyur,2474,21162596,Flat,6000,9500
Velachery,1724,12905864,Flat,6500,10000
Thiruvanmiyur,2001,13676835,Flat,6000,9500
Mylapore,2194,23778572,Independent House,9000,13000
Mylapore,1080,12691080,Flat,9000,13000
Velachery,1946,18134774,Independent House,6500,10000
Velachery,2005,14169335,Plot,6500,10000
Mylapore,1092,12424776,Flat,9000,13000
Adyar,1415,13983030,Independent House,8000,12000
Thiruvanmiyur,1399,9204021,Plot,6000,9500
Velachery,1284,11313324,Flat,6500,10000
T Nagar,2064,19678176,Plot,7000,11000
Thiruvanmiyur,1969,17289789,Independent House,6000,9500
Adyar,2299,22160061,Independent House,8000,12000
Thiruvanmiyur,1188,9593100,Independent House,6000,9500
Mylapore,2099,23191851,Flat,9000,13000
Mylapore,2424,28908624,Independent House,9000,13000
Thiruvanmiyur,2378,21026276,Plot,6000,9500
Mylapore,1100,10320200,Independent House,9000,13000
T Nagar,1922,14253552,Independent House,7000,11000
Velachery,901,8108099,Flat,6500,10000
Mylapore,947,8678308,Independent House,9000,13000
Mylapore,1325,13100275,Flat,9000,13000
Velachery,2012,13770128,Independent House,6500,10000
Thiruvanmiyur,2307,17743137,Plot,6000,9500
Velachery,1204,8784384,Independent House,6500,10000
Mylapore,1960,19678400,Plot,9000,13000
Adyar,1905,22553295,Flat,8000,12000
T Nagar,1901,16099569,Flat,7000,11000
T Nagar,1731,18156459,Independent House,7000,11000
Thiruvanmiyur,1550,11102650,Plot,6000,9500
Adyar,2329,26851041,Plot,8000,12000
Mylapore,1966,18356542,Flat,9000,13000
Adyar,2176,22667392,Plot,8000,12000
Mylapore,860,8258580,Plot,9000,13000
Adyar,1070,8903470,Plot,8000,12000
Adyar,1895,22450065,Independent House,8000,12000
Thiruvanmiyur,2359,19190465,Independent House,6000,9500
Velachery,1691,13335226,Flat,6500,10000
T Nagar,1578,14142036,Flat,7000,11000
Mylapore,1507,16500143,Flat,9000,13000
Velachery,1864,18597128,Flat,6500,10000
Velachery,1969,13172610,Independent House,6500,10000
Adyar,962,8034624,Independent House,8000,12000
Velachery,2077,20622533,Flat,6500,10000
Mylapore,1129,11458221,Plot,9000,13000
Adyar,1598,16732658,Plot,8000,12000
T Nagar,1040,8581040,Plot,7000,11000
T Nagar,1175,11252975,Flat,7000,11000
T Nagar,2057,17237660,Plot,7000,11000
Mylapore,2279,27712640,Independent House,9000,13000
Velachery,1569,10586043,Flat,6500,10000
Thiruvanmiyur,860,7534460,Plot,6000,9500
Velachery,2382,15625920,Plot,6500,10000
Velachery,1377,12993372,Flat,6500,10000
Adyar,1454,13222676,Independent House,8000,12000
Velachery,878,6261018,Plot,6500,10000
Adyar,1906,16178128,Independent House,8000,12000
Mylapore,1299,16050444,Independent House,9000,13000
Thiruvanmiyur,2091,13137753,Independent House,6000,9500
Mylapore,2076,24569460,Flat,9000,13000
Adyar,1548,13870080,Plot,8000,12000
Adyar,2269,22857906,Independent House,8000,12000
Mylapore,1586,17666454,Plot,9000,13000
Velachery,1836,12840984,Plot,6500,10000
Mylapore,1256,15421168,Flat,9000,13000
Velachery,1594,15812480,Flat,6500,10000
Thiruvanmiyur,1295,10055675,Plot,6000,9500
Velachery,1297,12561445,Plot,6500,10000
Mylapore,854,10613512,Plot,9000,13000
Adyar,1164,12199884,Plot,8000,12000
Mylapore,1687,17936184,Plot,9000,13000
Thiruvanmiyur,1528,12483760,Plot,6000,9500
T Nagar,2272,20170816,Plot,7000,11000
Velachery,2157,15344898,Flat,6500,10000
Thiruvanmiyur,1288,8216152,Flat,6000,9500
Thiruvanmiyur,2158,14018368,Flat,6000,9500
T Nagar,2294,21754002,Independent House,7000,11000
Mylapore,2324,24983000,Plot,9000,13000
Adyar,1222,13800046,Independent House,8000,12000
Velachery,1545,14319060,Plot,6500,10000
T Nagar,1421,13699861,Plot,7000,11000
Mylapore,1656,18169632,Flat,9000,13000
Velachery,2492,19686800,Plot,6500,10000
Velachery,2461,18299996,Flat,6500,10000
T Nagar,2467,25094324,Flat,7000,11000
Mylapore,1925,17825500,Plot,9000,13000
Adyar,2115,18062100,Plot,8000,12000
Adyar,2073,20510262,Plot,8000,12000
Mylapore,2099,21353127,Plot,9000,13000
Adyar,1508,14378780,Independent House,8000,12000
Mylapore,2295,24333885,Flat,9000,13000
Velachery,1914,15022986,Plot,6500,10000
Thiruvanmiyur,1875,12695625,Plot,6000,9500
Adyar,1304,11097040,Flat,8000,12000
Mylapore,2384,21661024,Independent House,9000,13000
Adyar,1663,17243647,Flat,8000,12000
T Nagar,2409,23487750,Plot,7000,11000
Mylapore,1312,15789920,Flat,9000,13000
Thiruvanmiyur,2364,16973520,Flat,6000,9500
Thiruvanmiyur,1667,10293725,Independent House,6000,9500
Adyar,1768,18388968,Plot,8000,12000
Adyar,1255,14491485,Flat,8000,12000
Thiruvanmiyur,1066,7166718,Flat,6000,9500
Mylapore,2241,23577561,Flat,9000,13000
Thiruvanmiyur,1369,11644714,Plot,6000,9500
Mylapore,1257,13583142,Independent House,9000,13000
Mylapore,1266,12116886,Flat,9000,13000
Velachery,1039,10087651,Plot,6500,10000
Mylapore,905,9833730,Independent House,9000,13000
Mylapore,815,7764505,Plot,9000,13000
Adyar,1343,11600834,Plot,8000,12000
Adyar,1637,19025214,Flat,8000,12000
Velachery,2061,15158655,Independent House,6500,10000
T Nagar,1167,8864532,Independent House,7000,11000
Mylapore,1808,17718400,Plot,9000,13000
Thiruvanmiyur,1322,11324252,Flat,6000,9500
T Nagar,2284,16645792,Flat,7000,11000
Mylapore,1331,14229721,Flat,9000,13000
T Nagar,1619,13492746,Independent House,7000,11000
Adyar,903,10430553,Flat,8000,12000
Adyar,2058,21855960,Plot,8000,12000
Velachery,2406,17525304,Flat,6500,10000
T Nagar,1242,11309652,Plot,7000,11000
Mylapore,855,9525555,Independent House,9000,13000
Adyar,1488,15260928,Independent House,8000,12000
Velachery,1582,12663910,Flat,6500,10000
Mylapore,1983,18142467,Plot,9000,13000
T Nagar,1808,19614992,Flat,7000,11000
Adyar,2036,22493728,Independent House,8000,12000
Velachery,1786,14229062,Flat,6500,10000
Adyar,820,9539880,Flat,8000,12000
Velachery,1866,13145970,Flat,6500,10000
Thiruvanmiyur,1356,11237172,Flat,6000,9500
Adyar,2059,23180222,Independent House,8000,12000
Adyar,1779,17074842,Independent House,8000,12000
Mylapore,1474,13767160,Plot,9000,13000
Velachery,1064,8793960,Flat,6500,10000
Velachery,920,8512760,Independent House,6500,10000
Velachery,1882,13377256,Plot,6500,10000
Adyar,1264,14777424,Independent House,8000,12000
Velachery,2186,20810720,Independent House,6500,10000
Mylapore,2129,24971041,Plot,9000,13000
Velachery,1635,14388000,Plot,6500,10000
Adyar,1309,12943392,Independent House,8000,12000
Velachery,1279,11601809,Plot,6500,10000
T Nagar,2340,19911060,Flat,7000,11000
Mylapore,1284,12991512,Independent House,9000,13000
Adyar,2091,23877129,Plot,8000,12000
Adyar,2153,22983275,Plot,8000,12000
T Nagar,1842,15881724,Independent House,7000,11000
T Nagar,869,9393890,Plot,7000,11000
T Nagar,1892,13997016,Independent House,7000,11000
T Nagar,1321,12589130,Flat,7000,11000
Mylapore,1230,11200380,Plot,9000,13000
Thiruvanmiyur,1124,9893448,Plot,6000,9500
Adyar,1912,20452664,Plot,8000,12000
Mylapore,1674,20233638,Flat,9000,13000
Velachery,1661,12236587,Plot,6500,10000
T Nagar,2022,20521278,Independent House,7000,11000
T Nagar,1044,9879372,Flat,7000,11000
Velachery,2141,16175255,Flat,6500,10000
Adyar,1450,13943200,Independent House,8000,12000
T Nagar,1918,17714648,Plot,7000,11000
Adyar,907,9891742,Independent House,8000,12000
Mylapore,1451,17266900,Flat,9000,13000
Thiruvanmiyur,1188,7888320,Independent House,6000,9500
Thiruvanmiyur,2107,18217122,Flat,6000,9500
Thiruvanmiyur,1187,7151675,Flat,6000,9500
Velachery,1577,12451992,Flat,6500,10000
Velachery,1816,13387552,Independent House,6500,10000
T Nagar,1977,17872080,Plot,7000,11000
Velachery,1211,9224187,Independent House,6500,10000
Mylapore,1754,18864270,Plot,9000,13000
T Nagar,1854,14476032,Plot,7000,11000
Mylapore,1935,22693680,Independent House,9000,13000
Velachery,996,7453068,Independent House,6500,10000
Adyar,1908,19308960,Flat,8000,12000
T Nagar,1249,13370545,Plot,7000,11000
T Nagar,1698,12208620,Flat,7000,11000
T Nagar,1721,17251304,Plot,7000,11000
Adyar,2201,25166234,Independent House,8000,12000
Velachery,929,8710304,Independent House,6500,10000
Mylapore,1374,16387698,Flat,9000,13000
Velachery,2351,18377767,Flat,6500,10000
Velachery,1408,13849088,Plot,6500,10000
Thiruvanmiyur,1260,11428200,Flat,6000,9500
Thiruvanmiyur,2140,13075400,Plot,6000,9500
Adyar,881,10251316,Independent House,8000,12000
Velachery,1687,13447077,Plot,6500,10000
Velachery,1725,11711025,Flat,6500,10000
T Nagar,1039,8868904,Flat,7000,11000
T Nagar,1772,18416396,Plot,7000,11000
Mylapore,2382,27469224,Flat,9000,13000
Velachery,888,7304688,Independent House,6500,10000
Mylapore,2210,23211630,Flat,9000,13000
Velachery,1255,8269195,Independent House,6500,10000
Thiruvanmiyur,1035,7802865,Independent House,6000,9500
Adyar,910,9730630,Flat,8000,12000
T Nagar,1094,11206936,Plot,7000,11000
Thiruvanmiyur,2285,14608005,Independent House,6000,9500
Adyar,1808,18837552,Plot,8000,12000
Thiruvanmiyur,2333,17730800,Independent House,6000,9500
T Nagar,2134,21461638,Flat,7000,11000
Mylapore,2250,28498500,Plot,9000,13000
Velachery,1136,9309520,Flat,6500,10000
T Nagar,2083,20340495,Independent House,7000,11000
Mylapore,1285,16456995,Plot,9000,13000
T Nagar,1951,20661090,Independent House,7000,11000
Adyar,1293,12567960,Independent House,8000,12000
T Nagar,2499,22635942,Independent House,7000,11000
T Nagar,1336,9971904,Flat,7000,11000
T Nagar,2489,27015606,Plot,7000,11000
Velachery,1456,10516688,Independent House,6500,10000
Adyar,2446,24269212,Plot,8000,12000
T Nagar,1176,11221392,Independent House,7000,11000
Thiruvanmiyur,901,7505330,Independent House,6000,9500
Thiruvanmiyur,2390,15609090,Independent House,6000,9500
T Nagar,1391,13563641,Flat,7000,11000
Mylapore,1950,19431750,Flat,9000,13000
Mylapore,2235,26037750,Independent House,9000,13000
Thiruvanmiyur,2494,18413202,Independent House,6000,9500
Velachery,1957,17830227,Plot,6500,10000
Mylapore,1026,11499408,Plot,9000,13000
Velachery,1408,13146496,Plot,6500,10000
Thiruvanmiyur,852,6556140,Independent House,6000,9500
Adyar,1991,17088753,Flat,8000,12000
T Nagar,2334,19239162,Independent House,7000,11000
Adyar,1300,13525200,Flat,8000,12000
Velachery,1602,15209388,Independent House,6500,10000
Mylapore,2100,23643900,Independent House,9000,13000
Velachery,931,9008356,Flat,6500,10000
Adyar,1224,14504400,Independent House,8000,12000
Velachery,2182,20115858,Independent House,6500,10000
T Nagar,1654,16227394,Flat,7000,11000
Velachery,1802,12084212,Independent House,6500,10000
Adyar,1790,14497210,Independent House,8000,12000
Velachery,2174,16161516,Independent House,6500,10000
T Nagar,2049,17605008,Flat,7000,11000
Thiruvanmiyur,1453,13033410,Plot,6000,9500
Mylapore,1859,21644337,Independent House,9000,13000
Velachery,852,6574884,Flat,6500,10000
Velachery,983,8906963,Independent House,6500,10000
Adyar,1098,12312972,Flat,8000,12000
Adyar,1713,16189563,Flat,8000,12000
Mylapore,2216,28129904,Plot,9000,13000
Thiruvanmiyur,953,7419105,Flat,6000,9500
T Nagar,1795,18434650,Independent House,7000,11000
Mylapore,1421,15186227,Independent House,9000,13000
Velachery,891,8478756,Independent House,6500,10000
Adyar,1536,13258752,Independent House,8000,12000
Mylapore,2074,22034176,Flat,9000,13000
Mylapore,1540,17406620,Plot,9000,13000
T Nagar,1190,9592590,Independent House,7000,11000
Mylapore,2084,25270584,Independent House,9000,13000
Thiruvanmiyur,1601,11090127,Plot,6000,9500
T Nagar,1359,14898717,Flat,7000,11000
T Nagar,863,9122773,Flat,7000,11000
T Nagar,1664,17462016,Independent House,7000,11000
T Nagar,989,10370654,Plot,7000,11000
Velachery,1221,9962139,Independent House,6500,10000
Thiruvanmiyur,1603,14624169,Flat,6000,9500
Adyar,2471,22609650,Flat,8000,12000
Mylapore,1764,16879716,Plot,9000,13000
T Nagar,804,7454688,Flat,7000,11000
Velachery,954,9176526,Flat,6500,10000
Thiruvanmiyur,997,6899240,Plot,6000,9500
Velachery,1049,7225512,Independent House,6500,10000
Velachery,948,7789716,Plot,6500,10000
Velachery,880,8368800,Independent House,6500,10000
Mylapore,1085,13394325,Plot,9000,13000
Adyar,1784,17884600,Flat,8000,12000
Velachery,1239,12382566,Plot,6500,10000
Thiruvanmiyur,2354,20425658,Flat,6000,9500
Mylapore,1165,10744795,Flat,9000,13000
Mylapore,1814,23328040,Independent House,9000,13000
Thiruvanmiyur,1460,11880020,Flat,6000,9500
T Nagar,1215,8938755,Flat,7000,11000
Velachery,1724,17007260,Flat,6500,10000
Mylapore,918,8817390,Independent House,9000,13000
Mylapore,2348,28176000,Flat,9000,13000
Thiruvanmiyur,929,7333526,Plot,6000,9500
Adyar,1992,20276568,Independent House,8000,12000
Mylapore,1136,12848160,Flat,9000,13000
Mylapore,1484,15623552,Plot,9000,13000
Thiruvanmiyur,2450,17417050,Independent House,6000,9500
T Nagar,1235,12726675,Plot,7000,11000
Mylapore,1769,17092078,Independent House,9000,13000
T Nagar,2051,21572418,Independent House,7000,11000
Adyar,1284,12479196,Flat,8000,12000
Velachery,996,8071584,Independent House,6500,10000
Mylapore,1430,14786200,Independent House,9000,13000
T Nagar,2144,16594560,Independent House,7000,11000
Thiruvanmiyur,1571,13647277,Plot,6000,9500
T Nagar,1228,11613196,Independent House,7000,11000
Adyar,1772,20960988,Plot,8000,12000
Velachery,2297,20826899,Independent House,6500,10000
Velachery,2223,15358707,Independent House,6500,10000
Mylapore,1884,19627512,Flat,9000,13000
T Nagar,923,8469448,Flat,7000,11000
T Nagar,2434,25525358,Plot,7000,11000
Thiruvanmiyur,2451,22027137,Independent House,6000,9500
Adyar,1241,10083125,Plot,8000,12000
Velachery,1347,13069941,Flat,6500,10000
Thiruvanmiyur,1835,14806615,Plot,6000,9500
Thiruvanmiyur,1198,11343862,Flat,6000,9500
Mylapore,1262,15181860,Flat,9000,13000
Adyar,1048,10789160,Flat,8000,12000
Thiruvanmiyur,2253,17440473,Flat,6000,9500
Mylapore,1465,16610170,Independent House,9000,13000
T Nagar,1802,13329394,Plot,7000,11000
Velachery,1645,11320890,Independent House,6500,10000
Adyar,1012,10708984,Flat,8000,12000
Mylapore,1073,13715086,Flat,9000,13000
Thiruvanmiyur,1793,15310427,Flat,6000,9500
Mylapore,2337,24837636,Plot,9000,13000
Thiruvanmiyur,1640,14581240,Independent House,6000,9500
Mylapore,1066,11111984,Flat,9000,13000
Mylapore,1263,15350502,Plot,9000,13000
Mylapore,1070,10705350,Independent House,9000,13000
Adyar,1651,18080101,Independent House,8000,12000
Thiruvanmiyur,1625,11734125,Plot,6000,9500
Thiruvanmiyur,1599,14474148,Independent House,6000,9500
Adyar,1502,14492798,Independent House,8000,12000
Velachery,2420,20787800,Independent House,6500,10000
T Nagar,2002,21957936,Flat,7000,11000
Velachery,2074,15115312,Independent House,6500,10000
Thiruvanmiyur,1534,11474320,Flat,6000,9500
Velachery,1497,14119704,Flat,6500,10000
Thiruvanmiyur,1210,8623670,Independent House,6000,9500
Adyar,1279,13695532,Plot,8000,12000
T Nagar,1960,15027320,Independent House,7000,11000
Mylapore,1361,13318746,Independent House,9000,13000
Thiruvanmiyur,1189,8823569,Plot,6000,9500
T Nagar,1233,10404054,Plot,7000,11000
T Nagar,1764,18389700,Plot,7000,11000
Velachery,1296,8649504,Flat,6500,10000
Thiruvanmiyur,2401,21354494,Flat,6000,9500
Adyar,2044,21425208,Plot,8000,12000
T Nagar,1833,18964218,Flat,7000,11000
Thiruvanmiyur,1126,7645540,Plot,6000,9500
Thiruvanmiyur,1184,9141664,Plot,6000,9500
Adyar,1693,14084067,Flat,8000,12000
Thiruvanmiyur,2467,17680989,Flat,6000,9500
Velachery,1820,15526420,Flat,6500,10000
Thiruvanmiyur,1846,12800164,Plot,6000,9500
T Nagar,2279,24941376,Flat,7000,11000
Velachery,2235,22137675,Independent House,6500,10000
Adyar,1213,12571532,Plot,8000,12000
Adyar,1425,13033050,Flat,8000,12000
T Nagar,2248,20285952,Independent House,7000,11000
Mylapore,1522,17889588,Plot,9000,13000
Velachery,1483,11601509,Independent House,6500,10000
T Nagar,1072,10877584,Plot,7000,11000
Velachery,1409,12564053,Independent House,6500,10000
Velachery,1558,12016854,Independent House,6500,10000
Thiruvanmiyur,1656,14369112,Plot,6000,9500
Mylapore,1217,14168314,Independent House,9000,13000
Thiruvanmiyur,1230,9445170,Independent House,6000,9500
Velachery,2163,18203808,Plot,6500,10000
Thiruvanmiyur,1675,15719875,Flat,6000,9500
Mylapore,1141,10526866,Independent House,9000,13000
Thiruvanmiyur,2071,17907937,Independent House,6000,9500
T Nagar,1552,12426864,Plot,7000,11000
Mylapore,1603,18224507,Plot,9000,13000
T Nagar,2479,23129070,Plot,7000,11000
T Nagar,2301,21969948,Independent House,7000,11000
T Nagar,935,9793190,Plot,7000,11000
Velachery,1070,7379790,Flat,6500,10000
Thiruvanmiyur,2043,14644224,Flat,6000,9500
Adyar,1359,13887621,Flat,8000,12000
Velachery,2253,19504221,Independent House,6500,10000
Thiruvanmiyur,2492,18515560,Flat,6000,9500
Velachery,1204,8565256,Flat,6500,10000
Adyar,2061,21871332,Independent House,8000,12000
Velachery,1399,13711599,Independent House,6500,10000
Adyar,2336,27483040,Independent House,8000,12000
Adyar,1899,21088395,Plot,8000,12000
Adyar,1752,16913808,Flat,8000,12000
T Nagar,2079,22798314,Flat,7000,11000
Velachery,2193,19967265,Flat,6500,10000
Velachery,1432,11733808,Plot,6500,10000
Adyar,1536,17339904,Plot,8000,12000
Mylapore,2410,27659570,Flat,9000,13000
Adyar,1844,14967748,Plot,8000,12000
T Nagar,2408,20829200,Flat,7000,11000
Mylapore,1024,9356288,Plot,9000,13000
Thiruvanmiyur,1734,13178400,Plot,6000,9500
Adyar,1034,11138248,Plot,8000,12000
Adyar,981,8838810,Independent House,8000,12000
Adyar,2466,19735398,Independent House,8000,12000
T Nagar,1055,8279640,Plot,7000,11000
Velachery,1098,10228968,Independent House,6500,10000
Mylapore,1674,20863062,Plot,9000,13000
Thiruvanmiyur,1898,14460862,Independent House,6000,9500
Adyar,2392,26957840,Independent House,8000,12000
Velachery,1623,12368883,Plot,6500,10000
Adyar,2245,25914035,Flat,8000,12000
Adyar,2101,23092091,Flat,8000,12000
Thiruvanmiyur,1203,8673630,Flat,6000,9500
Mylapore,1086,14023518,Flat,9000,13000
Adyar,873,9019836,Flat,8000,12000
Velachery,1684,16722120,Plot,6500,10000
Thiruvanmiyur,1615,13806635,Independent House,6000,9500
Mylapore,930,11086530,Independent House,9000,13000
Mylapore,2485,24353000,Flat,9000,13000
Adyar,1323,10738791,Plot,8000,12000
Velachery,2167,16324011,Flat,6500,10000
Adyar,1181,13012258,Plot,8000,12000
T Nagar,1390,10338820,Independent House,7000,11000
T Nagar,1212,12424212,Flat,7000,11000
Velachery,1901,18342749,Independent House,6500,10000
Mylapore,1125,11029500,Flat,9000,13000
Adyar,947,8612018,Independent House,8000,12000
Velachery,1718,14810878,Plot,6500,10000
Thiruvanmiyur,1907,13621701,Flat,6000,9500
Adyar,1602,14744808,Flat,8000,12000
T Nagar,1070,10802720,Independent House,7000,11000
Velachery,843,5570544,Independent House,6500,10000
T Nagar,2066,22254952,Flat,7000,11000
Mylapore,2111,26330503,Flat,9000,13000
Velachery,1716,13401960,Flat,6500,10000
Thiruvanmiyur,818,5024974,Flat,6000,9500
T Nagar,1146,10098552,Plot,7000,11000
Thiruvanmiyur,1394,9728726,Independent House,6000,9500
T Nagar,1916,18203916,Plot,7000,11000
Thiruvanmiyur,2277,18279756,Independent House,6000,9500
Mylapore,1116,10057392,Plot,9000,13000
Velachery,1750,15055250,Plot,6500,10000
Velachery,1946,14427644,Independent House,6500,10000
Velachery,2296,17706752,Plot,6500,10000
Adyar,830,9377340,Plot,8000,12000
Velachery,1444,13471076,Flat,6500,10000
Mylapore,1709,18474290,Plot,9000,13000
Thiruvanmiyur,1676,11810772,Independent House,6000,9500
Thiruvanmiyur,1476,13943772,Plot,6000,9500
Velachery,1216,11254080,Plot,6500,10000
Velachery,2373,19176213,Independent House,6500,10000
Mylapore,2396,24029484,Independent House,9000,13000
Adyar,2280,22644960,Plot,8000,12000
T Nagar,1692,16024932,Plot,7000,11000
T Nagar,1011,9852195,Independent House,7000,11000
Mylapore,2482,22414942,Independent House,9000,13000
Adyar,1482,15486900,Independent House,8000,12000
Thiruvanmiyur,1333,11655752,Independent House,6000,9500
Velachery,2284,15343912,Plot,6500,10000
Adyar,1445,14935520,Flat,8000,12000
Mylapore,851,7803670,Flat,9000,13000
Mylapore,2041,24010324,Plot,9000,13000
T Nagar,1945,19728135,Independent House,7000,11000
Mylapore,1366,17150130,Flat,9000,13000
T Nagar,2311,18453335,Flat,7000,11000
Velachery,2254,22244726,Plot,6500,10000
Velachery,2258,17788524,Flat,6500,10000
Velachery,2255,16186390,Flat,6500,10000
Thiruvanmiyur,1678,10792896,Independent House,6000,9500
Velachery,1241,9589207,Plot,6500,10000
Mylapore,1754,22737102,Flat,9000,13000
Mylapore,1550,15290750,Flat,9000,13000
T Nagar,1917,14734062,Plot,7000,11000
Velachery,2122,17688992,Plot,6500,10000
Mylapore,911,11617072,Independent House,9000,13000
Mylapore,1273,16114907,Flat,9000,13000
Thiruvanmiyur,1071,7763679,Independent House,6000,9500
Velachery,1984,14520896,Plot,6500,10000
T Nagar,2147,19584934,Independent House,7000,11000
Velachery,1712,11292352,Flat,6500,10000
Mylapore,1673,15150688,Independent House,9000,13000
Adyar,1791,18895050,Plot,8000,12000
Mylapore,1395,15576570,Plot,9000,13000
T Nagar,1850,18844100,Flat,7000,11000
Thiruvanmiyur,1794,11664588,Independent House,6000,9500
Mylapore,1180,14568280,Flat,9000,13000
Velachery,2209,17351695,Independent House,6500,10000
Velachery,2246,17570458,Plot,6500,10000
Mylapore,820,9086420,Independent House,9000,13000
T Nagar,2126,17201466,Independent House,7000,11000
Velachery,1298,12859286,Plot,6500,10000
Velachery,1975,14583400,Plot,6500,10000
Adyar,1033,10777289,Plot,8000,12000
T Nagar,953,8452157,Independent House,7000,11000
T Nagar,2477,25666674,Plot,7000,11000
T Nagar,1759,19071078,Flat,7000,11000
Mylapore,2341,21408445,Independent House,9000,13000
T Nagar,2483,24867245,Independent House,7000,11000
Mylapore,1728,17625600,Flat,9000,13000
Thiruvanmiyur,1507,12678391,Flat,6000,9500
Velachery,2255,22047135,Independent House,6500,10000
Adyar,1549,12677016,Independent House,8000,12000
Mylapore,1235,12892165,Flat,9000,13000
T Nagar,1097,8864857,Flat,7000,11000
T Nagar,1689,13150554,Independent House,7000,11000
Mylapore,1860,21298860,Independent House,9000,13000
Mylapore,932,8920172,Flat,9000,13000
Velachery,1227,8261391,Plot,6500,10000
Adyar,1906,20950752,Flat,8000,12000
Thiruvanmiyur,2240,19591040,Flat,6000,9500
Mylapore,2251,25652396,Flat,9000,13000
Mylapore,851,9653744,Plot,9000,13000
T Nagar,2280,20342160,Flat,7000,11000
Mylapore,1342,16596514,Flat,9000,13000
Adyar,1290,12453660,Independent House,8000,12000
Adyar,892,8068140,Plot,8000,12000
Thiruvanmiyur,1363,10264753,Independent House,6000,9500
Adyar,1856,19849920,Independent House,8000,12000
Adyar,2236,26445172,Flat,8000,12000
Mylapore,958,9528268,Independent House,9000,13000
Mylapore,1575,18810225,Flat,9000,13000
Thiruvanmiyur,1320,8388600,Plot,6000,9500
Adyar,1202,11695460,Independent House,8000,12000
Thiruvanmiyur,1814,11589646,Flat,6000,9500
Thiruvanmiyur,2363,22254734,Independent House,6000,9500
Adyar,1569,13862115,Independent House,8000,12000
T Nagar,1792,17192448,Independent House,7000,11000
Adyar,2331,18759888,Plot,8000,12000
Velachery,2087,17626802,Plot,6500,10000
Velachery,1405,10788995,Plot,6500,10000
Thiruvanmiyur,2259,15137559,Plot,6000,9500
Adyar,2308,24984100,Plot,8000,12000
Thiruvanmiyur,2155,16485750,Independent House,6000,9500
Adyar,2454,24657792,Plot,8000,12000
Adyar,1911,18934188,Plot,8000,12000
T Nagar,920,9947040,Flat,7000,11000
Mylapore,964,10863316,Independent House,9000,13000
Thiruvanmiyur,1869,12709200,Plot,6000,9500
Adyar,919,10218361,Flat,8000,12000
Velachery,1874,13108630,Plot,6500,10000
T Nagar,1263,11883567,Plot,7000,11000
Mylapore,1797,21353751,Independent House,9000,13000
Mylapore,1612,16376308,Independent House,9000,13000
Mylapore,909,9472689,Independent House,9000,13000
Velachery,1719,13420233,Flat,6500,10000
Adyar,1892,16157680,Independent House,8000,12000
Velachery,2256,20683008,Independent House,6500,10000
Mylapore,1883,21722288,Flat,9000,13000
Adyar,1741,14098618,Plot,8000,12000
Velachery,1338,11049204,Flat,6500,10000
Adyar,2214,21566574,Independent House,8000,12000
Adyar,2285,25459470,Flat,8000,12000
T Nagar,1134,11235672,Independent House,7000,11000
Thiruvanmiyur,1904,11799088,Independent House,6000,9500
Mylapore,1655,14921480,Flat,9000,13000
Mylapore,1606,15289120,Plot,9000,13000
Mylapore,1761,20883699,Plot,9000,13000
Velachery,1378,13596726,Independent House,6500,10000
T Nagar,2293,20563624,Independent House,7000,11000
Adyar,2023,21848400,Plot,8000,12000
T Nagar,854,7014756,Independent House,7000,11000
T Nagar,1624,16019136,Plot,7000,11000
Thiruvanmiyur,1066,8154900,Flat,6000,9500
Thiruvanmiyur,1748,12134616,Flat,6000,9500
Mylapore,882,8947890,Flat,9000,13000
Velachery,2370,15537720,Independent House,6500,10000
Adyar,2008,19021784,Flat,8000,12000
Velachery,1101,8658264,Plot,6500,10000
Mylapore,1648,21306992,Independent House,9000,13000
Adyar,2453,20879936,Plot,8000,12000
Velachery,1898,13568802,Plot,6500,10000
Mylapore,1186,14658960,Independent House,9000,13000
T Nagar,1277,10051267,Plot,7000,11000
Velachery,1990,16716000,Plot,6500,10000
Adyar,1107,10756719,Plot,8000,12000
T Nagar,2400,16996800,Flat,7000,11000
Adyar,2079,24397065,Plot,8000,12000
Thiruvanmiyur,962,7417020,Plot,6000,9500
Thiruvanmiyur,2161,15204796,Flat,6000,9500
Adyar,2428,23697280,Plot,8000,12000
Thiruvanmiyur,2417,21789255,Independent House,6000,9500
Velachery,2403,22494483,Independent House,6500,10000
T Nagar,2127,17345685,Plot,7000,11000
Adyar,1149,9211533,Independent House,8000,12000
Adyar,2111,23729751,Plot,8000,12000
Adyar,1743,18050508,Plot,8000,12000
Adyar,1583,13745189,Flat,8000,12000
Adyar,2307,26108319,Flat,8000,12000
T Nagar,1646,13724348,Flat,7000,11000
Mylapore,2191,21598878,Plot,9000,13000
T Nagar,1421,11250057,Independent House,7000,11000
Mylapore,1931,19759923,Independent House,9000,13000
Mylapore,1702,16832780,Flat,9000,13000
Adyar,1844,15755136,Flat,8000,12000
Mylapore,1894,20491186,Plot,9000,13000
Adyar,900,9654300,Plot,8000,12000
Mylapore,994,9960874,Flat,9000,13000
Adyar,1364,12608816,Flat,8000,12000
T Nagar,1183,9119747,Independent House,7000,11000
Mylapore,917,11468919,Flat,9000,13000
Mylapore,1982,18018362,Flat,9000,13000
Thiruvanmiyur,1662,13114842,Plot,6000,9500
Velachery,2309,17361371,Plot,6500,10000
Velachery,1299,12210600,Independent House,6500,10000
Thiruvanmiyur,1077,7794249,Flat,6000,9500
Adyar,1725,19887525,Flat,8000,12000
Thiruvanmiyur,1944,11710656,Flat,6000,9500
Adyar,869,8857717,Independent House,8000,12000
Thiruvanmiyur,1398,11785140,Plot,6000,9500
Thiruvanmiyur,860,7238620,Plot,6000,9500
Mylapore,1431,14304276,Plot,9000,13000
Velachery,1787,16427891,Plot,6500,10000
Mylapore,1995,19850250,Flat,9000,13000
Velachery,806,5808842,Flat,6500,10000
Thiruvanmiyur,992,6422208,Independent House,6000,9500
Adyar,1376,14856672,Flat,8000,12000
T Nagar,1343,12700751,Flat,7000,11000
Thiruvanmiyur,1708,10280452,Plot,6000,9500
Thiruvanmiyur,2149,16659048,Independent House,6000,9500
Thiruvanmiyur,2038,17987388,Independent House,6000,9500
Mylapore,2331,24668973,Independent House,9000,13000
Mylapore,1550,14207300,Flat,9000,13000
Velachery,967,8031902,Flat,6500,10000
Thiruvanmiyur,1818,15023952,Plot,6000,9500
Velachery,1920,18059520,Plot,6500,10000
T Nagar,1444,11435036,Plot,7000,11000
Thiruvanmiyur,1744,12738176,Independent House,6000,9500
Thiruvanmiyur,1579,12196196,Independent House,6000,9500
Adyar,1052,12617688,Independent House,8000,12000
Mylapore,897,8073897,Plot,9000,13000
Thiruvanmiyur,1826,15040762,Independent House,6000,9500
Velachery,1112,9577656,Flat,6500,10000
Velachery,2300,19552300,Flat,6500,10000
Velachery,1071,7553763,Independent House,6500,10000
Velachery,1814,14658934,Independent House,6500,10000
Thiruvanmiyur,1253,8370040,Independent House,6000,9500
T Nagar,2164,22672228,Flat,7000,11000
Velachery,1877,16168478,Flat,6500,10000
Adyar,1683,17003349,Plot,8000,12000
Thiruvanmiyur,2075,13060050,Independent House,6000,9500
Adyar,1081,12297456,Independent House,8000,12000
T Nagar,2477,22327678,Plot,7000,11000
T Nagar,2119,22601254,Plot,7000,11000
Thiruvanmiyur,2045,12903950,Independent House,6000,9500
Thiruvanmiyur,2301,13865826,Flat,6000,9500
T Nagar,2441,26816826,Independent House,7000,11000
Adyar,1225,11715900,Plot,8000,12000
Mylapore,1095,13788240,Flat,9000,13000
Mylapore,1605,15393555,Flat,9000,13000
T Nagar,1261,8980842,Flat,7000,11000
Velachery,1529,11360470,Independent House,6500,10000
Adyar,2218,25123286,Plot,8000,12000
T Nagar,851,8390860,Plot,7000,11000
Adyar,1856,22168064,Flat,8000,12000
Velachery,2450,20180650,Plot,6500,10000
Thiruvanmiyur,1268,9151156,Independent House,6000,9500
Adyar,2382,20049294,Flat,8000,12000
Thiruvanmiyur,1626,12994992,Flat,6000,9500
Thiruvanmiyur,2139,15437163,Flat,6000,9500
Thiruvanmiyur,2024,15876256,Flat,6000,9500
Mylapore,1333,14948262,Flat,9000,13000
Thiruvanmiyur,1032,7841136,Independent House,6000,9500
Adyar,2005,19827445,Independent House,8000,12000
Mylapore,1356,13081332,Flat,9000,13000
Mylapore,2468,23914920,Independent House,9000,13000
Adyar,1454,17109218,Flat,8000,12000
Adyar,2249,18201157,Plot,8000,12000
Thiruvanmiyur,1406,12825532,Independent House,6000,9500
Thiruvanmiyur,2381,21926629,Independent House,6000,9500
Mylapore,1933,24750132,Independent House,9000,13000
Thiruvanmiyur,1404,10406448,Flat,6000,9500
T Nagar,2069,15395429,Independent House,7000,11000
Mylapore,2473,23327809,Flat,9000,13000
Velachery,1320,11639760,Independent House,6500,10000
T Nagar,2243,23035610,Plot,7000,11000
Adyar,1962,22735656,Flat,8000,12000
Thiruvanmiyur,1502,13062894,Flat,6000,9500
Velachery,1779,17581857,Plot,6500,10000
T Nagar,2400,26064000,Flat,7000,11000
Velachery,1734,16526754,Plot,6500,10000
Mylapore,808,9985264,Flat,9000,13000
Thiruvanmiyur,1360,9139200,Plot,6000,9500
T Nagar,993,7521975,Flat,7000,11000
Velachery,1616,14901136,Flat,6500,10000
Adyar,2249,23094981,Independent House,8000,12000
Velachery,1927,12781791,Independent House,6500,10000
Adyar,2151,21286296,Flat,8000,12000
Medavakkam,1464,13190640,Independent House,6500,10000
Chrompet,1398,9791592,Plot,6500,10000
Chrompet,1759,17400028,Flat,6500,10000
Medavakkam,2314,21279544,Independent House,6500,10000
Vadapalani,844,7482904,Flat,7000,10500
Vadapalani,1051,8273472,Plot,7000,10500
Sholinganallur,1002,8119206,Independent House,8000,12000
Guduvancheri,810,5644890,Plot,6000,9500
Medavakkam,927,8512641,Plot,6500,10000
Tambaram,1922,14624498,Independent House,6500,10000
Sholinganallur,1901,17550032,Flat,8000,12000
Chrompet,2263,21618439,Flat,6500,10000
Guduvancheri,815,5979655,Plot,6000,9500
Tambaram,1101,10851456,Plot,6500,10000
Medavakkam,2190,18665370,Plot,6500,10000
Tambaram,1998,15500484,Flat,6500,10000
Sholinganallur,1652,18209996,Flat,8000,12000
Sholinganallur,1983,21884388,Plot,8000,12000
Sholinganallur,1893,15371160,Plot,8000,12000
Perungalathur,980,8498560,Independent House,6500,10000
Medavakkam,926,8874784,Independent House,6500,10000
Vadapalani,2011,20960653,Flat,7000,10500
Tambaram,1194,7778910,Independent House,6500,10000
Tambaram,1288,12027344,Independent House,6500,10000
Perungalathur,2005,14221465,Independent House,6500,10000
Chrompet,1972,14135296,Independent House,6500,10000
Guduvancheri,1641,13274049,Flat,6000,9500
Perungalathur,1652,10942848,Flat,6500,10000
Chrompet,1889,14025825,Plot,6500,10000
Medavakkam,1010,6920520,Plot,6500,10000
Perungalathur,1578,15650604,Independent House,6500,10000
Vadapalani,1389,10974489,Independent House,7000,10500
Guduvancheri,2285,16650795,Independent House,6000,9500
Vadapalani,2231,16846281,Independent House,7000,10500
Tambaram,2102,20214934,Independent House,6500,10000
Medavakkam,1875,14651250,Flat,6500,10000
Sholinganallur,2054,19794398,Flat,8000,12000
Guduvancheri,2328,19354992,Independent House,6000,9500
Chrompet,1030,10130050,Flat,6500,10000
Medavakkam,1835,18216045,Plot,6500,10000
Guduvancheri,1133,7511790,Plot,6000,9500
Vadapalani,2427,19124760,Plot,7000,10500
Tambaram,2471,16775619,Flat,6500,10000
Vadapalani,2433,19011462,Plot,7000,10500
Vadapalani,1627,15168521,Flat,7000,10500
Perungalathur,1372,9888004,Independent House,6500,10000
Tambaram,1176,7722792,Independent House,6500,10000
Guduvancheri,2133,17266635,Independent House,6000,9500
Tambaram,2420,18464600,Flat,6500,10000
Perungalathur,1552,14900752,Independent House,6500,10000
Guduvancheri,2500,22255000,Flat,6000,9500
Guduvancheri,1406,12121126,Plot,6000,9500
Vadapalani,1659,17280144,Plot,7000,10500
Vadapalani,1086,8301384,Flat,7000,10500
Tambaram,1213,8873095,Flat,6500,10000
Sholinganallur,1359,15989994,Independent House,8000,12000
Chrompet,1502,10291704,Plot,6500,10000
Medavakkam,2078,19096820,Flat,6500,10000
Perungalathur,2321,16358408,Plot,6500,10000
Perungalathur,1155,8482320,Plot,6500,10000
Chrompet,1518,9962634,Plot,6500,10000
Guduvancheri,1610,12957280,Independent House,6000,9500
Chrompet,999,9683307,Flat,6500,10000
Guduvancheri,1506,14231700,Independent House,6000,9500
Medavakkam,1660,15522660,Flat,6500,10000
Tambaram,1454,14253562,Plot,6500,10000
Vadapalani,1779,12577530,Independent House,7000,10500
Sholinganallur,2058,19355490,Independent House,8000,12000
Guduvancheri,1012,6474776,Flat,6000,9500
Medavakkam,2434,16081438,Flat,6500,10000
Guduvancheri,2075,13419025,Flat,6000,9500
Sholinganallur,1220,12289060,Plot,8000,12000
Sholinganallur,1850,19539700,Independent House,8000,12000
Chrompet,2243,18462133,Independent House,6500,10000
Sholinganallur,2267,21146576,Flat,8000,12000
Medavakkam,2425,22656775,Independent House,6500,10000
Guduvancheri,1917,17003790,Independent House,6000,9500
Medavakkam,1625,12324000,Flat,6500,10000
Chrompet,2028,18882708,Independent House,6500,10000
Sholinganallur,878,10050466,Flat,8000,12000
Guduvancheri,1139,8521998,Flat,6000,9500
Medavakkam,2294,21627832,Independent House,6500,10000
Vadapalani,1198,11796706,Independent House,7000,10500
Guduvancheri,1070,6582640,Plot,6000,9500
Vadapalani,1802,18277686,Flat,7000,10500
Perungalathur,2283,22441890,Flat,6500,10000
Guduvancheri,1235,11623820,Plot,6000,9500
Perungalathur,1885,15021565,Plot,6500,10000
Sholinganallur,2227,21080782,Plot,8000,12000
Vadapalani,1178,11490212,Plot,7000,10500
Tambaram,1058,9592886,Flat,6500,10000
Guduvancheri,2216,20885800,Flat,6000,9500
Tambaram,2134,19325504,Flat,6500,10000
Perungalathur,1984,18713088,Independent House,6500,10000
Vadapalani,1039,10128172,Flat,7000,10500
Perungalathur,1228,10549748,Independent House,6500,10000
Perungalathur,2038,13338710,Independent House,6500,10000
Medavakkam,2254,22222186,Plot,6500,10000
Vadapalani,1337,13430165,Independent House,7000,10500
Tambaram,2107,14300209,Flat,6500,10000
Medavakkam,2476,17416184,Independent House,6500,10000
Perungalathur,1724,13995432,Independent House,6500,10000
Sholinganallur,2029,19399269,Flat,8000,12000
Vadapalani,1627,16834569,Flat,7000,10500
Tambaram,1238,10094652,Flat,6500,10000
Chrompet,1720,15536760,Plot,6500,10000
Guduvancheri,883,7294463,Independent House,6000,9500
Perungalathur,1717,11236048,Plot,6500,10000
Perungalathur,2148,17027196,Flat,6500,10000
Sholinganallur,2198,20294134,Plot,8000,12000
Tambaram,1441,10706630,Flat,6500,10000
Perungalathur,1174,7984374,Plot,6500,10000
Chrompet,1234,9651114,Flat,6500,10000
Guduvancheri,1843,16926112,Independent House,6000,9500
Tambaram,1501,11036853,Plot,6500,10000
Chrompet,873,8666271,Independent House,6500,10000
Medavakkam,1003,9202525,Flat,6500,10000
Medavakkam,2163,16516668,Plot,6500,10000
Sholinganallur,1052,12417808,Flat,8000,12000
Tambaram,1421,11248636,Plot,6500,10000
Perungalathur,2427,17573907,Flat,6500,10000
Sholinganallur,1284,14644020,Independent House,8000,12000
Chrompet,1735,16772245,Independent House,6500,10000
Medavakkam,1049,9296238,Flat,6500,10000
Guduvancheri,2498,20940734,Plot,6000,9500
Tambaram,2020,13182520,Flat,6500,10000
Perungalathur,1140,7459020,Independent House,6500,10000
Medavakkam,994,9350558,Plot,6500,10000
Tambaram,942,8767194,Flat,6500,10000
Sholinganallur,2322,21845376,Independent House,8000,12000
Sholinganallur,2376,25166592,Plot,8000,12000
Sholinganallur,809,7490531,Plot,8000,12000
Sholinganallur,1108,10944824,Independent House,8000,12000
Perungalathur,921,7537464,Flat,6500,10000
Vadapalani,2002,20434414,Independent House,7000,10500
Chrompet,2493,17700300,Independent House,6500,10000
Perungalathur,1106,9445240,Independent House,6500,10000
Medavakkam,1369,13632502,Plot,6500,10000
Chrompet,1288,12277216,Flat,6500,10000
Guduvancheri,1955,16132660,Flat,6000,9500
Chrompet,1973,17399887,Flat,6500,10000
Chrompet,2170,15702120,Independent House,6500,10000
Tambaram,1899,13087908,Independent House,6500,10000
Vadapalani,1512,12913992,Independent House,7000,10500
Chrompet,1340,10580640,Independent House,6500,10000
Medavakkam,1060,8927320,Flat,6500,10000
Medavakkam,1127,10619721,Plot,6500,10000
Tambaram,1093,8230290,Plot,6500,10000
Sholinganallur,2329,26783500,Plot,8000,12000
Medavakkam,828,5698296,Plot,6500,10000
Tambaram,2397,18751731,Independent House,6500,10000
Chrompet,807,5806365,Independent House,6500,10000
Guduvancheri,1086,7382628,Independent House,6000,9500
Medavakkam,1944,16502616,Independent House,6500,10000
Guduvancheri,1390,9410300,Plot,6000,9500
Sholinganallur,2499,20399337,Plot,8000,12000
Vadapalani,1883,16623124,Independent House,7000,10500
Perungalathur,805,6567995,Independent House,6500,10000
Tambaram,2302,19739650,Plot,6500,10000
Vadapalani,1617,13021701,Plot,7000,10500
Guduvancheri,2158,19508320,Flat,6000,9500
Perungalathur,1880,16356000,Independent House,6500,10000
Chrompet,2450,18186350,Independent House,6500,10000
Vadapalani,1346,12229756,Independent House,7000,10500
Tambaram,1405,12802360,Plot,6500,10000
Perungalathur,2171,14986413,Independent House,6500,10000
Vadapalani,964,7209756,Flat,7000,10500
Sholinganallur,2425,22877450,Plot,8000,12000
Perungalathur,1033,9750487,Independent House,6500,10000
Chrompet,1426,12340604,Plot,6500,10000
Vadapalani,2085,18708705,Flat,7000,10500
Medavakkam,1161,9253170,Plot,6500,10000
Tambaram,868,7902272,Independent House,6500,10000
Chrompet,2248,14661456,Plot,6500,10000
Tambaram,1550,12989000,Independent House,6500,10000
Guduvancheri,956,5907124,Plot,6000,9500
Vadapalani,1961,17484276,Flat,7000,10500
Medavakkam,944,8679136,Independent House,6500,10000
Vadapalani,2170,19102510,Flat,7000,10500
Guduvancheri,1526,14445116,Plot,6000,9500
Sholinganallur,2179,18957300,Plot,8000,12000
Vadapalani,1126,10272498,Plot,7000,10500
Sholinganallur,1098,11788128,Plot,8000,12000
Vadapalani,1493,14510467,Independent House,7000,10500
Sholinganallur,1200,10844400,Plot,8000,12000
Perungalathur,1100,7254500,Flat,6500,10000
Vadapalani,2014,16629598,Plot,7000,10500
Perungalathur,1990,15233450,Plot,6500,10000
Perungalathur,2198,19907286,Plot,6500,10000
Tambaram,1263,12421605,Independent House,6500,10000
Tambaram,2492,22607424,Independent House,6500,10000
Vadapalani,1110,9996660,Independent House,7000,10500
Tambaram,2296,17777928,Independent House,6500,10000
Chrompet,936,9048312,Independent House,6500,10000
Perungalathur,1249,10231808,Independent House,6500,10000
Tambaram,1613,14034713,Plot,6500,10000
Vadapalani,1800,15222600,Independent House,7000,10500
Vadapalani,2065,18141025,Flat,7000,10500
Chrompet,997,7622065,Flat,6500,10000
Chrompet,1461,12566061,Plot,6500,10000
Tambaram,1579,14337320,Plot,6500,10000
Perungalathur,908,8093912,Independent House,6500,10000
Perungalathur,1170,8446230,Plot,6500,10000
Guduvancheri,931,6550516,Flat,6000,9500
Chrompet,1738,11538582,Independent House,6500,10000
Perungalathur,2094,15637992,Independent House,6500,10000
Perungalathur,1693,15477406,Independent House,6500,10000
Sholinganallur,2203,21697347,Independent House,8000,12000
Perungalathur,1582,14037086,Flat,6500,10000
Vadapalani,1505,14688800,Plot,7000,10500
Chrompet,1913,15560342,Flat,6500,10000
Sholinganallur,1673,17778971,Independent House,8000,12000
Guduvancheri,1542,12918876,Plot,6000,9500
Guduvancheri,2415,15364230,Plot,6000,9500
Vadapalani,2112,15611904,Independent House,7000,10500
Guduvancheri,821,6379991,Independent House,6000,9500
Guduvancheri,1216,10253312,Plot,6000,9500
Medavakkam,1601,13638919,Flat,6500,10000
Chrompet,1986,15649680,Plot,6500,10000
Vadapalani,818,7695744,Plot,7000,10500
Medavakkam,949,7299708,Independent House,6500,10000
Perungalathur,1328,10443392,Independent House,6500,10000
Vadapalani,1127,8665503,Flat,7000,10500
Medavakkam,1903,16386733,Independent House,6500,10000
Vadapalani,2082,17763624,Plot,7000,10500
Perungalathur,1953,17348499,Independent House,6500,10000
Vadapalani,1011,8484312,Plot,7000,10500
Medavakkam,2326,17991610,Flat,6500,10000
Guduvancheri,1911,14043939,Flat,6000,9500
Sholinganallur,2183,24322986,Flat,8000,12000
Guduvancheri,1924,17314076,Independent House,6000,9500
Chrompet,1859,18076916,Independent House,6500,10000
Vadapalani,1826,18913708,Flat,7000,10500
Vadapalani,2016,20605536,Flat,7000,10500
Sholinganallur,1804,14873980,Independent House,8000,12000
Perungalathur,1248,8609952,Independent House,6500,10000
Perungalathur,1354,12478464,Independent House,6500,10000
Sholinganallur,2164,18465412,Plot,8000,12000
Guduvancheri,2418,18488028,Flat,6000,9500
Vadapalani,1477,13300385,Plot,7000,10500
Guduvancheri,1123,8886299,Flat,6000,9500
Tambaram,1477,13260506,Independent House,6500,10000
Tambaram,1879,14825310,Plot,6500,10000
Guduvancheri,1982,16147354,Flat,6000,9500
Guduvancheri,1984,16725120,Independent House,6000,9500
Perungalathur,1815,14937450,Plot,6500,10000
Tambaram,1751,12854091,Independent House,6500,10000
Guduvancheri,2218,14918268,Independent House,6000,9500
Medavakkam,1234,9437632,Independent House,6500,10000
Chrompet,1611,13534011,Plot,6500,10000
Perungalathur,1481,11277815,Plot,6500,10000
Medavakkam,1560,11831040,Flat,6500,10000
Sholinganallur,1045,9191820,Independent House,8000,12000
Sholinganallur,1829,15043525,Plot,8000,12000
Perungalathur,2392,16999944,Flat,6500,10000
Perungalathur,1044,8794656,Independent House,6500,10000
Vadapalani,2443,21820876,Independent House,7000,10500
Medavakkam,1933,12875713,Independent House,6500,10000
Medavakkam,970,7630990,Independent House,6500,10000
Guduvancheri,2127,18498519,Plot,6000,9500
Medavakkam,2117,17611323,Independent House,6500,10000
Chrompet,1452,11646492,Independent House,6500,10000
Guduvancheri,1003,8998916,Plot,6000,9500
Perungalathur,1202,9203714,Flat,6500,10000
Vadapalani,2104,16061936,Flat,7000,10500
Vadapalani,2127,16899015,Independent House,7000,10500
Guduvancheri,2396,16860652,Plot,6000,9500
Medavakkam,2483,19017297,Flat,6500,10000
Chrompet,2249,19721481,Flat,6500,10000
Medavakkam,1973,15618268,Plot,6500,10000
Vadapalani,2032,20498816,Independent House,7000,10500
Guduvancheri,1050,8030400,Flat,6000,9500
Tambaram,990,6876540,Plot,6500,10000
Perungalathur,2295,18350820,Plot,6500,10000
Perungalathur,2292,16094424,Independent House,6500,10000
Medavakkam,2114,18125436,Flat,6500,10000
Chrompet,2210,18902130,Flat,6500,10000
Tambaram,2005,17323200,Flat,6500,10000
Sholinganallur,1936,19234160,Plot,8000,12000
Perungalathur,936,8877960,Flat,6500,10000
Tambaram,1287,9952371,Plot,6500,10000
Sholinganallur,2051,19896751,Flat,8000,12000
Chrompet,2393,21627934,Flat,6500,10000
Perungalathur,2141,15278176,Flat,6500,10000
Chrompet,2176,20225920,Flat,6500,10000
Sholinganallur,1265,12183215,Flat,8000,12000
Tambaram,2344,15648544,Independent House,6500,10000
Sholinganallur,1986,22187592,Plot,8000,12000
Chrompet,1465,12786520,Flat,6500,10000
Tambaram,2329,19479756,Plot,6500,10000
Chrompet,1375,12988250,Plot,6500,10000
Medavakkam,1863,17501022,Independent House,6500,10000
Medavakkam,1059,9218595,Plot,6500,10000
Sholinganallur,1909,18383670,Plot,8000,12000
Guduvancheri,2371,19010678,Flat,6000,9500
Tambaram,2101,19371220,Flat,6500,10000
Sholinganallur,1749,19322952,Plot,8000,12000
Perungalathur,2068,19972744,Plot,6500,10000
Chrompet,1009,8660247,Flat,6500,10000
Chrompet,1614,13883628,Flat,6500,10000
Guduvancheri,1309,10625153,Flat,6000,9500
Sholinganallur,899,8527015,Flat,8000,12000
Perungalathur,828,6676164,Independent House,6500,10000
Guduvancheri,1752,16251552,Plot,6000,9500
Chrompet,1894,15843310,Flat,6500,10000
Guduvancheri,888,8031072,Plot,6000,9500
Sholinganallur,1161,12530673,Independent House,8000,12000
Guduvancheri,2374,15326544,Independent House,6000,9500
Vadapalani,1933,16016838,Plot,7000,10500
Vadapalani,2009,16076018,Independent House,7000,10500
Perungalathur,1260,12291300,Plot,6500,10000
Sholinganallur,1193,10196571,Plot,8000,12000
Vadapalani,926,8040458,Flat,7000,10500
Chrompet,2138,19746568,Plot,6500,10000
Medavakkam,2146,20779718,Plot,6500,10000
Medavakkam,1898,13445432,Flat,6500,10000
Perungalathur,1380,9194940,Plot,6500,10000
Chrompet,1590,11508420,Independent House,6500,10000
Vadapalani,2412,21003696,Independent House,7000,10500
Guduvancheri,1212,7748316,Plot,6000,9500
Vadapalani,817,6410182,Flat,7000,10500
Chrompet,1097,10784607,Flat,6500,10000
Guduvancheri,2058,18248286,Independent House,6000,9500
Sholinganallur,1079,12117170,Independent House,8000,12000
Medavakkam,1988,14414988,Flat,6500,10000
Chrompet,1484,9859696,Independent House,6500,10000
Vadapalani,1641,15476271,Flat,7000,10500
Medavakkam,1152,9646848,Independent House,6500,10000
Tambaram,951,6584724,Independent House,6500,10000
Perungalathur,1021,8710151,Flat,6500,10000
Vadapalani,1645,15005690,Flat,7000,10500
Tambaram,1555,13020015,Independent House,6500,10000
Tambaram,1970,14235220,Plot,6500,10000
Sholinganallur,2470,26095550,Independent House,8000,12000
Guduvancheri,1650,13470600,Flat,6000,9500
Sholinganallur,1079,11452506,Flat,8000,12000
Medavakkam,1463,13894111,Flat,6500,10000
Tambaram,1890,15887340,Independent House,6500,10000
Tambaram,1539,13435470,Independent House,6500,10000
Perungalathur,1904,13074768,Flat,6500,10000
Medavakkam,1952,15186560,Independent House,6500,10000
Perungalathur,1573,14905748,Plot,6500,10000
Chrompet,2124,17952048,Flat,6500,10000
Perungalathur,2446,23126930,Flat,6500,10000
Tambaram,1594,13121808,Independent House,6500,10000
Chrompet,2222,15282916,Independent House,6500,10000
Chrompet,928,7608672,Plot,6500,10000
Vadapalani,1780,14373500,Plot,7000,10500
Vadapalani,2221,15875708,Plot,7000,10500
Tambaram,1829,14882573,Independent House,6500,10000
Guduvancheri,2429,19679758,Plot,6000,9500
Vadapalani,903,7630350,Independent House,7000,10500
Chrompet,1892,15504940,Flat,6500,10000
Vadapalani,2350,21197000,Flat,7000,10500
Tambaram,2332,15489144,Independent House,6500,10000
Tambaram,903,6155751,Independent House,6500,10000
Perungalathur,1845,16809795,Flat,6500,10000
Medavakkam,1466,12403826,Plot,6500,10000
Tambaram,1048,8093704,Independent House,6500,10000
Chrompet,1005,9635940,Independent House,6500,10000
Sholinganallur,1115,12510300,Flat,8000,12000
Tambaram,1808,13997536,Independent House,6500,10000
Sholinganallur,1666,19898704,Flat,8000,12000
Medavakkam,2115,15572745,Flat,6500,10000
Medavakkam,2370,23576760,Flat,6500,10000
Chrompet,1799,15036042,Plot,6500,10000
Tambaram,1023,7403451,Flat,6500,10000
Sholinganallur,2256,20743920,Independent House,8000,12000
Sholinganallur,1859,15215915,Independent House,8000,12000
Vadapalani,2118,15554592,Independent House,7000,10500
Guduvancheri,1687,10693893,Plot,6000,9500
Vadapalani,1378,13410696,Independent House,7000,10500
Guduvancheri,1600,14699200,Plot,6000,9500
Tambaram,852,7378320,Plot,6500,10000
Perungalathur,1350,12083850,Flat,6500,10000
Chrompet,1675,14825425,Flat,6500,10000
Perungalathur,1812,16266324,Flat,6500,10000
Tambaram,1250,9835000,Flat,6500,10000
Vadapalani,2362,19630582,Flat,7000,10500
Sholinganallur,1826,20084174,Independent House,8000,12000
Vadapalani,1428,10104528,Plot,7000,10500
Perungalathur,1381,11603162,Plot,6500,10000
Perungalathur,1696,15939008,Flat,6500,10000
Vadapalani,2092,20495324,Flat,7000,10500
Chrompet,2251,20067665,Plot,6500,10000
Vadapalani,1428,13174728,Flat,7000,10500
Chrompet,971,8505960,Independent House,6500,10000
Tambaram,1297,9761222,Plot,6500,10000
Sholinganallur,930,9251640,Independent House,8000,12000
Chrompet,1054,6973264,Plot,6500,10000
Perungalathur,1204,11452448,Independent House,6500,10000
Perungalathur,1737,16492815,Plot,6500,10000
Tambaram,2296,17591952,Plot,6500,10000
Chrompet,2208,19704192,Flat,6500,10000
Vadapalani,938,8259090,Independent House,7000,10500
Sholinganallur,973,11542699,Plot,8000,12000
Chrompet,1764,16994376,Plot,6500,10000
Sholinganallur,2306,27335324,Plot,8000,12000
Perungalathur,1296,9961056,Independent House,6500,10000
Sholinganallur,931,10902010,Plot,8000,12000
Tambaram,1615,11605390,Plot,6500,10000
Chrompet,1201,9019510,Plot,6500,10000
Sholinganallur,1217,13808082,Independent House,8000,12000
Guduvancheri,1641,11455821,Flat,6000,9500
Sholinganallur,2054,22324926,Flat,8000,12000
Vadapalani,944,8856608,Flat,7000,10500
Guduvancheri,1188,10498356,Flat,6000,9500
Medavakkam,2122,18389252,Plot,6500,10000
Tambaram,2077,18568380,Independent House,6500,10000
Tambaram,2142,17350200,Plot,6500,10000
Perungalathur,1401,12303582,Independent House,6500,10000
Medavakkam,1489,14208038,Independent House,6500,10000
Medavakkam,1423,11388269,Plot,6500,10000
Medavakkam,1901,17293397,Plot,6500,10000
Sholinganallur,1925,22678425,Independent House,8000,12000
Tambaram,1407,12625011,Independent House,6500,10000
Vadapalani,872,6777184,Flat,7000,10500
Guduvancheri,2441,22564604,Plot,6000,9500
Sholinganallur,1145,13693055,Plot,8000,12000
Perungalathur,1512,13920984,Plot,6500,10000
Tambaram,995,8141090,Plot,6500,10000
Tambaram,1918,15397704,Independent House,6500,10000
Chrompet,1806,17718666,Flat,6500,10000
Medavakkam,2013,16126143,Plot,6500,10000
Chrompet,1174,10430990,Independent House,6500,10000
Sholinganallur,2346,20705796,Plot,8000,12000
Chrompet,1139,9232734,Plot,6500,10000
Tambaram,2404,22859636,Independent House,6500,10000
Perungalathur,2284,15633980,Independent House,6500,10000
Tambaram,1177,8231938,Flat,6500,10000
Sholinganallur,1477,14753753,Plot,8000,12000
Sholinganallur,1025,9168625,Plot,8000,12000
Guduvancheri,1527,13697190,Flat,6000,9500
Guduvancheri,1517,14174848,Plot,6000,9500
Chrompet,2482,19563124,Independent House,6500,10000
Vadapalani,1921,15621572,Flat,7000,10500
Guduvancheri,915,6139650,Flat,6000,9500
Perungalathur,1132,10003484,Flat,6500,10000
Vadapalani,1183,8418228,Flat,7000,10500
Perungalathur,2404,19183920,Plot,6500,10000
Perungalathur,964,7514380,Flat,6500,10000
Medavakkam,1716,16561116,Independent House,6500,10000
Perungalathur,2045,16533825,Plot,6500,10000
Sholinganallur,1195,10108505,Plot,8000,12000
Sholinganallur,2197,23912148,Independent House,8000,12000
Tambaram,1816,15988064,Plot,6500,10000
Guduvancheri,947,7826955,Flat,6000,9500
Guduvancheri,1685,15545810,Flat,6000,9500
Vadapalani,2334,19593930,Flat,7000,10500
Vadapalani,1614,15939864,Flat,7000,10500
Medavakkam,2189,15747666,Independent House,6500,10000
Tambaram,1364,11007480,Flat,6500,10000
Perungalathur,1148,9231068,Plot,6500,10000
Vadapalani,1953,19721394,Flat,7000,10500
Medavakkam,1201,8547517,Plot,6500,10000
Vadapalani,1360,11656560,Flat,7000,10500
Perungalathur,1781,16915938,Independent House,6500,10000
Tambaram,2024,15868160,Plot,6500,10000
Chrompet,1315,12723940,Plot,6500,10000
Vadapalani,1675,16880650,Flat,7000,10500
Chrompet,1693,12013528,Plot,6500,10000
Perungalathur,1019,9009998,Independent House,6500,10000
Medavakkam,2480,19956560,Flat,6500,10000
Tambaram,1537,13402640,Flat,6500,10000
Sholinganallur,2394,23925636,Flat,8000,12000
Vadapalani,1417,14665950,Flat,7000,10500
Medavakkam,2480,22878000,Independent House,6500,10000
Sholinganallur,2190,18378480,Flat,8000,12000
Tambaram,2231,21863800,Flat,6500,10000
Chrompet,2167,14960968,Independent House,6500,10000
Medavakkam,1652,15451156,Plot,6500,10000
Guduvancheri,1613,10103832,Independent House,6000,9500
Guduvancheri,983,8764428,Independent House,6000,9500
Tambaram,2431,16039738,Plot,6500,10000
Sholinganallur,1487,12948796,Independent House,8000,12000
Vadapalani,909,9452691,Flat,7000,10500
Guduvancheri,1980,16927020,Flat,6000,9500
Guduvancheri,1638,10643724,Independent House,6000,9500
Sholinganallur,1124,9705740,Independent House,8000,12000
Chrompet,1554,14083902,Flat,6500,10000
Tambaram,1268,8778364,Flat,6500,10000
Medavakkam,2364,23164836,Plot,6500,10000
Medavakkam,2169,17113410,Independent House,6500,10000
Medavakkam,1346,10068080,Plot,6500,10000
Perungalathur,1596,15699852,Independent House,6500,10000
Vadapalani,2027,17190987,Independent House,7000,10500
Sholinganallur,1381,13268648,Independent House,8000,12000
Medavakkam,2091,14595180,Independent House,6500,10000
Sholinganallur,2005,23634940,Plot,8000,12000
Chrompet,1363,9938996,Flat,6500,10000
Perungalathur,975,9221550,Independent House,6500,10000
Chrompet,1665,10929060,Plot,6500,10000
Vadapalani,1241,11954553,Plot,7000,10500
Perungalathur,826,7446390,Flat,6500,10000
Medavakkam,2457,22587201,Plot,6500,10000
Guduvancheri,1451,11938828,Plot,6000,9500
Vadapalani,1536,15372288,Independent House,7000,10500
Perungalathur,2016,17329536,Flat,6500,10000
Tambaram,2418,23689146,Plot,6500,10000
Tambaram,2243,16066609,Flat,6500,10000
Guduvancheri,1033,7840470,Flat,6000,9500
Tambaram,2044,18569740,Plot,6500,10000
Sholinganallur,2262,20495982,Plot,8000,12000
Perungalathur,1341,10103094,Flat,6500,10000
Perungalathur,1772,12919652,Independent House,6500,10000
Tambaram,1914,14286096,Flat,6500,10000
Vadapalani,2302,17235074,Flat,7000,10500
Vadapalani,1114,11033056,Independent House,7000,10500
Chrompet,1510,14157760,Independent House,6500,10000
Tambaram,2258,19235902,Plot,6500,10000
Tambaram,2455,19257020,Independent House,6500,10000
Guduvancheri,2442,16503036,Flat,6000,9500
Vadapalani,1265,12359050,Plot,7000,10500
Chrompet,1356,9224868,Independent House,6500,10000
Tambaram,2036,15182452,Independent House,6500,10000
Sholinganallur,1747,14624137,Independent House,8000,12000
Sholinganallur,1535,15009230,Independent House,8000,12000
Chrompet,2054,16292328,Plot,6500,10000
Tambaram,1194,10704210,Plot,6500,10000
Medavakkam,933,6223110,Independent House,6500,10000
Chrompet,1342,11439208,Independent House,6500,10000
Perungalathur,1058,10147278,Independent House,6500,10000
Vadapalani,1315,10597585,Flat,7000,10500
Tambaram,2145,16563690,Flat,6500,10000
Perungalathur,938,8230012,Independent House,6500,10000
Sholinganallur,1616,15697824,Independent House,8000,12000
Sholinganallur,1758,19629828,Plot,8000,12000
Medavakkam,1553,12110294,Flat,6500,10000
Medavakkam,2380,20325200,Plot,6500,10000
Medavakkam,1158,7750494,Plot,6500,10000
Medavakkam,924,8429652,Plot,6500,10000
Medavakkam,1491,14558124,Independent House,6500,10000
Vadapalani,1484,11236848,Independent House,7000,10500
Sholinganallur,2087,21416794,Plot,8000,12000
Tambaram,828,6445152,Flat,6500,10000
Perungalathur,1926,14595228,Flat,6500,10000
Chrompet,2418,21193770,Plot,6500,10000
Sholinganallur,1718,13915800,Flat,8000,12000
Sholinganallur,1801,19243685,Independent House,8000,12000
Chrompet,2101,19131706,Flat,6500,10000
Guduvancheri,2033,13767476,Plot,6000,9500
Medavakkam,1960,18651360,Plot,6500,10000
Sholinganallur,2022,16665324,Plot,8000,12000
Tambaram,2170,21187880,Independent House,6500,10000
Guduvancheri,1076,10194024,Flat,6000,9500
Sholinganallur,1020,9900120,Flat,8000,12000
Perungalathur,2499,19627146,Plot,6500,10000
Medavakkam,1704,16942872,Independent House,6500,10000
Chrompet,978,6591720,Plot,6500,10000
Chrompet,1135,10222945,Flat,6500,10000
Vadapalani,1000,8056000,Flat,7000,10500
Vadapalani,2181,21109899,Plot,7000,10500
Vadapalani,998,7693582,Flat,7000,10500
Medavakkam,1102,7554210,Independent House,6500,10000
Medavakkam,1735,12660295,Independent House,6500,10000
Sholinganallur,2224,19673504,Flat,8000,12000
Perungalathur,1624,10984736,Independent House,6500,10000
Perungalathur,1368,12968640,Plot,6500,10000
Sholinganallur,1728,18470592,Independent House,8000,12000
Perungalathur,1313,12171510,Plot,6500,10000
Chrompet,973,6442233,Flat,6500,10000
Tambaram,2490,21374160,Independent House,6500,10000
Medavakkam,1443,11222211,Independent House,6500,10000
Guduvancheri,2007,18412218,Plot,6000,9500
Medavakkam,2428,20596724,Plot,6500,10000
Tambaram,1990,19364690,Independent House,6500,10000
Sholinganallur,1576,13014608,Independent House,8000,12000
Guduvancheri,2299,20833538,Independent House,6000,9500
Tambaram,1634,10996820,Independent House,6500,10000
Medavakkam,1323,11303712,Flat,6500,10000
Medavakkam,1464,11155680,Flat,6500,10000
Guduvancheri,977,8147203,Flat,6000,9500
Tambaram,2486,23480270,Plot,6500,10000
Vadapalani,1597,13505829,Plot,7000,10500
Tambaram,935,8685215,Independent House,6500,10000
Vadapalani,1271,12538415,Plot,7000,10500
Guduvancheri,2457,21737079,Independent House,6000,9500
Vadapalani,2225,22472500,Independent House,7000,10500
Chrompet,1637,16009860,Independent House,6500,10000
Tambaram,1917,14994774,Independent House,6500,10000
Chrompet,1218,10976616,Flat,6500,10000
Guduvancheri,1832,15416280,Independent House,6000,9500
Guduvancheri,2403,15903054,Independent House,6000,9500
Tambaram,1969,15342448,Independent House,6500,10000
Perungalathur,1662,13900968,Flat,6500,10000
Guduvancheri,2214,16976952,Independent House,6000,9500
Perungalathur,1352,13048152,Flat,6500,10000
Medavakkam,1945,17489440,Plot,6500,10000
Vadapalani,1048,7529880,Flat,7000,10500
Perungalathur,1281,9244977,Plot,6500,10000
Tambaram,1176,11251968,Independent House,6500,10000
Vadapalani,2197,15726126,Independent House,7000,10500
Vadapalani,2278,17964308,Plot,7000,10500
Tambaram,1207,8393478,Independent House,6500,10000
Chrompet,2424,19711968,Flat,6500,10000
Perungalathur,1561,12503610,Flat,6500,10000
Tambaram,1120,7539840,Flat,6500,10000
Vadapalani,976,9283712,Plot,7000,10500
Chrompet,1494,10060596,Independent House,6500,10000
Medavakkam,903,7805532,Flat,6500,10000
Vadapalani,2254,17506818,Independent House,7000,10500
Sholinganallur,806,6533436,Flat,8000,12000
Tambaram,1168,10107872,Flat,6500,10000
Sholinganallur,2182,23203388,Independent House,8000,12000
Tambaram,1436,10882008,Flat,6500,10000
Chrompet,1948,19326108,Plot,6500,10000
Guduvancheri,1976,17758312,Flat,6000,9500
Sholinganallur,2421,23517594,Plot,8000,12000
Medavakkam,2442,21619026,Plot,6500,10000
Chrompet,1398,11730618,Plot,6500,10000
Vadapalani,1391,9844107,Flat,7000,10500
Tambaram,1214,10573940,Flat,6500,10000
Vadapalani,1969,16768004,Plot,7000,10500
Guduvancheri,1830,13487100,Independent House,6000,9500
Vadapalani,2432,20027520,Plot,7000,10500
Tambaram,2320,17615760,Flat,6500,10000
Chrompet,1305,9906255,Flat,6500,10000
Sholinganallur,1386,15914052,Flat,8000,12000
Guduvancheri,2041,15034006,Plot,6000,9500
Tambaram,2390,17542600,Plot,6500,10000
Medavakkam,2121,15294531,Independent House,6500,10000
Sholinganallur,850,8194000,Independent House,8000,12000
Medavakkam,935,8289710,Plot,6500,10000
Perungalathur,1213,9603321,Flat,6500,10000
Vadapalani,2468,22705600,Flat,7000,10500
Chrompet,1760,13479840,Independent House,6500,10000
Chrompet,1279,10563261,Flat,6500,10000
Medavakkam,1161,10962162,Independent House,6500,10000
Sholinganallur,1742,19484270,Plot,8000,12000
Guduvancheri,2275,15770300,Independent House,6000,9500
Medavakkam,2392,15765672,Plot,6500,10000
Vadapalani,1310,11150720,Flat,7000,10500
Chrompet,1637,14940899,Flat,6500,10000
Tambaram,2040,15720240,Independent House,6500,10000
Guduvancheri,1694,11942700,Flat,6000,9500
Sholinganallur,1688,16773656,Independent House,8000,12000
Vadapalani,1817,15542618,Independent House,7000,10500
Medavakkam,2264,15603488,Flat,6500,10000
Guduvancheri,1648,12430864,Flat,6000,9500
Sholinganallur,1116,10734804,Flat,8000,12000
Tambaram,1317,13006692,Flat,6500,10000
Medavakkam,986,7135682,Flat,6500,10000
Guduvancheri,840,7081200,Plot,6000,9500
Medavakkam,1624,14102816,Independent House,6500,10000
Perungalathur,1005,9634935,Independent House,6500,10000
Chrompet,2179,17732702,Independent House,6500,10000
Guduvancheri,1713,10557219,Plot,6000,9500
Medavakkam,2060,16597420,Independent House,6500,10000
Perungalathur,2253,17954157,Independent House,6500,10000
Guduvancheri,2125,17592875,Plot,6000,9500
Vadapalani,2329,22155777,Independent House,7000,10500
Tambaram,2052,19976220,Plot,6500,10000
Sholinganallur,2066,23391252,Independent House,8000,12000
Chrompet,1911,14045850,Flat,6500,10000
Perungalathur,2379,22267440,Flat,6500,10000
Chrompet,2091,14463447,Independent House,6500,10000
Perungalathur,2234,16784042,Independent House,6500,10000
Vadapalani,1464,10488096,Plot,7000,10500
Medavakkam,2310,21660870,Independent House,6500,10000
Sholinganallur,1824,15325248,Independent House,8000,12000
Medavakkam,2095,14773940,Independent House,6500,10000
Tambaram,1077,7243902,Plot,6500,10000
Medavakkam,1733,15527680,Independent House,6500,10000
Chrompet,1755,15105285,Independent House,6500,10000
Chrompet,1238,9896572,Independent House,6500,10000
Chrompet,2408,18551232,Flat,6500,10000
Medavakkam,2193,16188726,Flat,6500,10000
Chrompet,1016,6761480,Flat,6500,10000
Tambaram,1579,12548313,Flat,6500,10000
Vadapalani,1119,9812511,Plot,7000,10500
Guduvancheri,834,5837166,Independent House,6000,9500
Chrompet,999,6506487,Flat,6500,10000
Vadapalani,1160,9907560,Flat,7000,10500
Perungalathur,2174,16770236,Independent House,6500,10000
Tambaram,2495,20735945,Plot,6500,10000
Guduvancheri,2437,14658555,Flat,6000,9500
Perungalathur,854,8036140,Independent House,6500,10000
Perungalathur,2181,21362895,Independent House,6500,10000
Perungalathur,885,7567635,Independent House,6500,10000
Chrompet,2171,19191640,Independent House,6500,10000
Sholinganallur,1798,14517052,Plot,8000,12000
Sholinganallur,1593,18618984,Flat,8000,12000
Vadapalani,1100,11550000,Plot,7000,10500
Chrompet,2181,20608269,Flat,6500,10000
Medavakkam,2465,17543405,Plot,6500,10000
Vadapalani,1891,13976381,Plot,7000,10500
Medavakkam,1056,10254816,Plot,6500,10000
Guduvancheri,1184,10673760,Plot,6000,9500
Vadapalani,1321,9861265,Plot,7000,10500
Sholinganallur,2213,20127235,Independent House,8000,12000
Medavakkam,982,9416398,Plot,6500,10000
Chrompet,906,8763738,Flat,6500,10000
Chrompet,1785,15440250,Independent House,6500,10000
Guduvancheri,1894,17176686,Plot,6000,9500
Tambaram,914,7672116,Independent House,6500,10000
Guduvancheri,818,5442154,Independent House,6000,9500
Vadapalani,2453,24861155,Independent House,7000,10500
Perungalathur,1277,9668167,Flat,6500,10000
Sholinganallur,1894,17436164,Independent House,8000,12000
Chrompet,2116,20518852,Independent House,6500,10000
Tambaram,1595,12626020,Plot,6500,10000
Guduvancheri,1149,8191221,Plot,6000,9500
Perungalathur,1341,10159416,Plot,6500,10000
Tambaram,950,9345150,Independent House,6500,10000
Perungalathur,2371,21737328,Plot,6500,10000
Guduvancheri,1136,8084912,Plot,6000,9500
Guduvancheri,2266,21252814,Independent House,6000,9500
Perungalathur,1043,9315033,Flat,6500,10000
Perungalathur,1602,13987062,Flat,6500,10000
Chrompet,1920,15853440,Plot,6500,10000
Perungalathur,1254,12422124,Independent House,6500,10000
Perungalathur,2343,21297870,Plot,6500,10000
Chrompet,2288,19633328,Independent House,6500,10000
Vadapalani,2261,19978196,Plot,7000,10500
Medavakkam,1098,10582524,Flat,6500,10000
Medavakkam,2199,16688211,Plot,6500,10000
Guduvancheri,1111,7457032,Flat,6000,9500
Medavakkam,1772,15125792,Flat,6500,10000
Tambaram,1331,10365828,Independent House,6500,10000
Chrompet,2064,15543984,Flat,6500,10000
Tambaram,2111,14593343,Independent House,6500,10000
Vadapalani,1410,14768340,Plot,7000,10500
Guduvancheri,1546,9962424,Plot,6000,9500
Tambaram,1348,10159876,Plot,6500,10000
Vadapalani,2050,20864900,Flat,7000,10500
Tambaram,1050,9658950,Flat,6500,10000
Tambaram,1798,11843426,Plot,6500,10000
Perungalathur,2440,21823360,Independent House,6500,10000
Sholinganallur,2366,26042562,Independent House,8000,12000
Perungalathur,2314,17100460,Flat,6500,10000
Tambaram,2311,17972647,Flat,6500,10000
Medavakkam,1463,14625611,Independent House,6500,10000
Guduvancheri,1600,14889600,Flat,6000,9500
Sholinganallur,1985,19310080,Independent House,8000,12000
Perungalathur,1683,12442419,Plot,6500,10000
Sholinganallur,1023,10519509,Flat,8000,12000
Vadapalani,2183,15800554,Plot,7000,10500
Vadapalani,1243,9343631,Plot,7000,10500
Chrompet,2045,16771045,Plot,6500,10000
Chrompet,1870,13058210,Flat,6500,10000
Sholinganallur,1891,19254162,Independent House,8000,12000
Vadapalani,1387,13650854,Independent House,7000,10500
Guduvancheri,1000,6789000,Plot,6000,9500
Chrompet,2266,20953702,Plot,6500,10000
Chrompet,1816,14480784,Flat,6500,10000
Medavakkam,1901,16726899,Plot,6500,10000
Guduvancheri,2427,18619944,Flat,6000,9500
Vadapalani,1179,10981206,Flat,7000,10500
Perungalathur,2037,19683531,Plot,6500,10000
Chrompet,1710,12536010,Independent House,6500,10000
Vadapalani,1539,12978387,Independent House,7000,10500
Chrompet,2255,21068465,Flat,6500,10000
Guduvancheri,1631,13537300,Flat,6000,9500
Vadapalani,2131,17354864,Flat,7000,10500
Tambaram,1337,12238898,Independent House,6500,10000
Medavakkam,1869,15647268,Flat,6500,10000
Chrompet,2021,15646582,Plot,6500,10000
Vadapalani,1466,13003420,Independent House,7000,10500
Perungalathur,2047,18719815,Flat,6500,10000
Guduvancheri,2230,18312760,Flat,6000,9500
Vadapalani,2332,16466252,Independent House,7000,10500
Vadapalani,1018,8722224,Plot,7000,10500
Sholinganallur,2042,20652788,Flat,8000,12000
Perungalathur,2239,18433687,Flat,6500,10000
Vadapalani,2015,19716775,Plot,7000,10500
Medavakkam,2434,20211936,Plot,6500,10000
Tambaram,2084,14452540,Flat,6500,10000
Medavakkam,1386,13226598,Flat,6500,10000
Vadapalani,2261,16389989,Flat,7000,10500
Vadapalani,1962,16912440,Plot,7000,10500
Tambaram,1371,11664468,Flat,6500,10000
Vadapalani,1008,7658784,Flat,7000,10500
Sholinganallur,2050,20907950,Flat,8000,12000
Sholinganallur,2218,22942992,Plot,8000,12000
Medavakkam,1341,8723205,Plot,6500,10000
Sholinganallur,2195,23956230,Flat,8000,12000
Medavakkam,2408,18948552,Independent House,6500,10000
Tambaram,2012,14764056,Plot,6500,10000
Vadapalani,1009,7406060,Independent House,7000,10500
Guduvancheri,1922,14739818,Flat,6000,9500
Medavakkam,1703,13290212,Flat,6500,10000
Sholinganallur,1005,10109295,Plot,8000,12000
Chrompet,1961,16539074,Plot,6500,10000
Perungalathur,2472,18119760,Independent House,6500,10000
Tambaram,2085,18844230,Flat,6500,10000
Vadapalani,924,9235380,Plot,7000,10500
Medavakkam,1494,14784624,Independent House,6500,10000
Perungalathur,2392,20033000,Plot,6500,10000
Guduvancheri,949,7137429,Independent House,6000,9500
Sholinganallur,1695,14178675,Plot,8000,12000
Perungalathur,1521,13419783,Independent House,6500,10000
Guduvancheri,1227,11586561,Independent House,6000,9500
Vadapalani,986,8904566,Plot,7000,10500
Chrompet,2343,17040639,Plot,6500,10000
Tambaram,1160,10305440,Independent House,6500,10000
Vadapalani,1279,9902018,Independent House,7000,10500
Vadapalani,2321,18663161,Plot,7000,10500
Chrompet,1321,11235105,Plot,6500,10000
Tambaram,1147,9833231,Plot,6500,10000
Perungalathur,2301,18502341,Plot,6500,10000
Perungalathur,1692,16101072,Flat,6500,10000
Tambaram,934,6212968,Flat,6500,10000
Chrompet,1582,10944276,Independent House,6500,10000
Medavakkam,1421,12344227,Plot,6500,10000
Guduvancheri,1850,17510250,Independent House,6000,9500
Perungalathur,2370,18798840,Plot,6500,10000
Vadapalani,2496,22741056,Plot,7000,10500
Guduvancheri,2328,17550792,Flat,6000,9500
Vadapalani,836,8575688,Flat,7000,10500
Tambaram,984,7174344,Independent House,6500,10000
Sholinganallur,2229,22011375,Independent House,8000,12000
Chrompet,1883,12282809,Plot,6500,10000
Vadapalani,2361,19851288,Independent House,7000,10500
Chrompet,1069,7358996,Independent House,6500,10000
Sholinganallur,1427,13296786,Flat,8000,12000
Perungalathur,1326,12866178,Plot,6500,10000
Tambaram,1185,11309640,Flat,6500,10000
Chrompet,2300,15847000,Independent House,6500,10000
Tambaram,823,5481180,Independent House,6500,10000
Guduvancheri,1733,15255599,Flat,6000,9500
Vadapalani,2007,20780478,Independent House,7000,10500
Perungalathur,2089,13946164,Independent House,6500,10000
Chrompet,2138,17290006,Plot,6500,10000
Perungalathur,1781,12445628,Plot,6500,10000
Medavakkam,1428,14180040,Plot,6500,10000
Medavakkam,1033,6811602,Plot,6500,10000
Sholinganallur,1702,14005758,Flat,8000,12000
Tambaram,1267,10177811,Flat,6500,10000
Chrompet,1990,13926020,Independent House,6500,10000
Tambaram,1533,14971278,Plot,6500,10000
Perungalathur,1819,17664309,Plot,6500,10000
Chrompet,1162,10941392,Flat,6500,10000
Perungalathur,2038,16503724,Independent House,6500,10000
Vadapalani,2175,18570150,Independent House,7000,10500
Perungalathur,804,6947364,Plot,6500,10000
Guduvancheri,1099,10137176,Plot,6000,9500
Guduvancheri,1286,10649366,Plot,6000,9500
Medavakkam,2015,16410160,Plot,6500,10000
Medavakkam,1728,12498624,Independent House,6500,10000
Guduvancheri,906,6022182,Independent House,6000,9500
Medavakkam,1655,11965650,Independent House,6500,10000
Vadapalani,1764,13812120,Plot,7000,10500
Sholinganallur,824,9413376,Plot,8000,12000
Sholinganallur,817,8175719,Plot,8000,12000
Perungalathur,1440,13870080,Flat,6500,10000
Chrompet,1336,12967216,Flat,6500,10000
Chrompet,2143,16490385,Plot,6500,10000
Chrompet,1711,15746333,Plot,6500,10000
Medavakkam,2115,14821920,Independent House,6500,10000
Medavakkam,1881,12561318,Flat,6500,10000
Vadapalani,1542,14396112,Flat,7000,10500
Chrompet,1157,10565724,Independent House,6500,10000
Chrompet,1254,12279168,Independent House,6500,10000
Chrompet,2013,16949460,Independent House,6500,10000
Medavakkam,1538,13574388,Flat,6500,10000
Perungalathur,1245,9804375,Flat,6500,10000
Guduvancheri,2020,18860740,Plot,6000,9500
Tambaram,1910,12648020,Plot,6500,10000
Sholinganallur,2332,22342892,Flat,8000,12000
Vadapalani,2214,19768806,Plot,7000,10500
Chrompet,1933,15291963,Flat,6500,10000
Chrompet,1566,13505184,Independent House,6500,10000
Perungalathur,1299,9664560,Independent House,6500,10000
Guduvancheri,2194,14818276,Independent House,6000,9500
Sholinganallur,2456,28786776,Independent House,8000,12000
Vadapalani,1824,18364032,Flat,7000,10500
Perungalathur,2108,20314796,Flat,6500,10000
Medavakkam,1861,12846483,Independent House,6500,10000
Tambaram,927,6040332,Flat,6500,10000
Vadapalani,1601,11634467,Flat,7000,10500
Sholinganallur,1974,21593586,Plot,8000,12000
Vadapalani,2376,19067400,Independent House,7000,10500
Perungalathur,2044,15683612,Flat,6500,10000
Medavakkam,1778,15495270,Plot,6500,10000
Tambaram,2272,22538240,Independent House,6500,10000
Tambaram,2031,16883703,Independent House,6500,10000
Guduvancheri,1204,9350264,Plot,6000,9500
Medavakkam,1542,10073886,Flat,6500,10000
Guduvancheri,2152,18524416,Independent House,6000,9500
Guduvancheri,2055,17319540,Plot,6000,9500
Sholinganallur,1561,14281589,Plot,8000,12000
Vadapalani,1096,7845168,Plot,7000,10500
Medavakkam,2116,19759208,Plot,6500,10000
Vadapalani,1931,14905389,Flat,7000,10500
Chrompet,2106,20028060,Flat,6500,10000
Medavakkam,2500,23365000,Flat,6500,10000
Sholinganallur,1781,14280058,Flat,8000,12000
Perungalathur,1968,18221712,Flat,6500,10000
Sholinganallur,1032,8761680,Plot,8000,12000
Guduvancheri,1332,9507816,Independent House,6000,9500
Tambaram,2064,14621376,Flat,6500,10000
Guduvancheri,2019,16796061,Flat,6000,9500
Vadapalani,1207,10091727,Flat,7000,10500
Perungalathur,1397,12392787,Flat,6500,10000
Vadapalani,2331,17382267,Plot,7000,10500
Guduvancheri,2225,15474875,Plot,6000,9500
Sholinganallur,1648,17392992,Plot,8000,12000
Medavakkam,1630,14202190,Independent House,6500,10000
Perungalathur,1281,12077268,Flat,6500,10000
Vadapalani,1588,13809248,Plot,7000,10500
Perungalathur,2133,19725984,Plot,6500,10000
Guduvancheri,862,8020048,Flat,6000,9500
Guduvancheri,1944,12620448,Independent House,6000,9500
Sholinganallur,2149,22274385,Independent House,8000,12000
Perungalathur,1338,12898320,Plot,6500,10000
Guduvancheri,1311,10588947,Independent House,6000,9500
Medavakkam,1229,9074936,Plot,6500,10000
Tambaram,1632,14157600,Plot,6500,10000
Perungalathur,1286,11168910,Flat,6500,10000
Sholinganallur,1609,17447996,Plot,8000,12000
Chrompet,1824,15241344,Independent House,6500,10000
Vadapalani,2379,23706735,Flat,7000,10500
Sholinganallur,2474,21682136,Plot,8000,12000
Vadapalani,1344,10045056,Plot,7000,10500
Guduvancheri,939,7556133,Independent House,6000,9500
Chrompet,1808,16508848,Plot,6500,10000
Vadapalani,2470,19152380,Plot,7000,10500
Chrompet,1520,12053600,Independent House,6500,10000
Guduvancheri,2019,18540477,Plot,6000,9500
Chrompet,1134,10860318,Plot,6500,10000
Medavakkam,928,8019776,Plot,6500,10000
Chrompet,964,8323176,Flat,6500,10000
Tambaram,1066,6978036,Plot,6500,10000
Chrompet,1672,13491368,Flat,6500,10000
Guduvancheri,837,6683445,Independent House,6000,9500
Perungalathur,2489,16335307,Plot,6500,10000
Chrompet,1356,9349620,Plot,6500,10000
Tambaram,1920,14279040,Plot,6500,10000
Guduvancheri,888,6806520,Plot,6000,9500
Sholinganallur,2184,19690944,Plot,8000,12000
Guduvancheri,2074,19393974,Flat,6000,9500
Vadapalani,1275,10832400,Flat,7000,10500
Tambaram,1274,10854480,Plot,6500,10000
Sholinganallur,2037,19314834,Flat,8000,12000
Perungalathur,1628,12574672,Independent House,6500,10000
Perungalathur,985,8660120,Plot,6500,10000
Guduvancheri,1355,8268210,Flat,6000,9500
Perungalathur,2022,19433442,Flat,6500,10000
Medavakkam,2102,15542188,Plot,6500,10000
Guduvancheri,1378,8947354,Independent House,6000,9500
Sholinganallur,1530,15344370,Plot,8000,12000
Perungalathur,1178,8409742,Independent House,6500,10000
Vadapalani,2080,21041280,Plot,7000,10500
Perungalathur,911,9036209,Flat,6500,10000
Tambaram,1846,14430182,Flat,6500,10000
Chrompet,2383,22192879,Independent House,6500,10000
Vadapalani,932,8461628,Plot,7000,10500
Chrompet,977,7022676,Plot,6500,10000
Medavakkam,2327,17147663,Independent House,6500,10000
Medavakkam,1814,15819894,Independent House,6500,10000
Chrompet,1267,8262107,Plot,6500,10000
Perungalathur,1548,12942828,Independent House,6500,10000
Sholinganallur,2275,19906250,Plot,8000,12000
Vadapalani,2258,22155496,Independent House,7000,10500
Sholinganallur,2340,19094400,Flat,8000,12000
Sholinganallur,2252,18551976,Independent House,8000,12000
Sholinganallur,1733,20506589,Independent House,8000,12000
Vadapalani,1926,15515856,Plot,7000,10500
Medavakkam,2131,16206255,Flat,6500,10000
Tambaram,2052,17577432,Independent House,6500,10000
Sholinganallur,863,9291921,Independent House,8000,12000
Chrompet,2016,17565408,Independent House,6500,10000
Vadapalani,2344,23650960,Plot,7000,10500
Chrompet,1584,10334016,Flat,6500,10000
Medavakkam,2283,20985336,Independent House,6500,10000
Tambaram,1772,15464244,Independent House,6500,10000
Sholinganallur,1855,19052705,Plot,8000,12000
Perungalathur,917,8010912,Independent House,6500,10000
Medavakkam,1291,10054308,Flat,6500,10000
Medavakkam,1404,9856080,Independent House,6500,10000
Guduvancheri,1574,11664914,Flat,6000,9500
Tambaram,950,9095300,Plot,6500,10000
Medavakkam,1565,12369760,Independent House,6500,10000
Chrompet,1914,18925632,Flat,6500,10000
Medavakkam,2036,15320900,Plot,6500,10000
Medavakkam,1678,15258054,Plot,6500,10000
Perungalathur,1658,16545182,Flat,6500,10000
Medavakkam,1397,13578840,Plot,6500,10000
Tambaram,2235,21254850,Flat,6500,10000
Guduvancheri,1765,14086465,Flat,6000,9500
Chrompet,2498,21213016,Plot,6500,10000
Vadapalani,1319,12500163,Plot,7000,10500
Tambaram,1915,13115835,Plot,6500,10000
Vadapalani,1408,11259776,Independent House,7000,10500
Sholinganallur,2166,22392108,Flat,8000,12000
Tambaram,1843,14552328,Plot,6500,10000
Vadapalani,1561,14930965,Independent House,7000,10500
Medavakkam,2313,17213346,Plot,6500,10000
Sholinganallur,1679,18704060,Plot,8000,12000
Tambaram,985,7877045,Independent House,6500,10000
Chrompet,1574,11284006,Flat,6500,10000
Chrompet,2302,17529730,Flat,6500,10000
Sholinganallur,1557,18554769,Flat,8000,12000
Tambaram,876,7385556,Independent House,6500,10000
Tambaram,1036,8293180,Independent House,6500,10000
Sholinganallur,1546,16399968,Flat,8000,12000
Guduvancheri,2333,17294529,Flat,6000,9500
Sholinganallur,956,9810472,Flat,8000,12000
Perungalathur,1851,16183293,Flat,6500,10000
Medavakkam,2232,21003120,Plot,6500,10000
